pep,beta,hla,hla.allele,label
VMAPRTLIL,ASSQDRDTQY,YHSMYRESADTIFVNTLYLWHEFYSSAEQAYTWY,HLA-E*01:01,1
VMAPRTLIL,ASSQDRDTQY,YHSMYRESADTIFVNTLYLWHEFYSSAEQAYTWY,HLA-E*01:03,1
KRWIILGLNK,ASREGLGGTEAF,YHTEYREICAKTDEDTLYLNYHDYTWAVLAYEWY,HLA-B*27:05,1
IPSINVHHY,ASSLEGGYYNEQF,YYATYRNIFTNTYESNLYIRYDSYTWAVLAYLWY,HLA-B*35:01,1
FLTGIGIITV,AWSETGLGTGELF,YFAMYGEKVAHTHVDTLYVRYHYYTWAVLAYTWY,HLA-A*02:01,1
WLLPTWGV,AWSETGLGTGELF,YFAMYGEKVAHTHVDTLYVRYHYYTWAVLAYTWY,HLA-A*02:01,1
HSKKKCDEL,ASSLRGRGDQPQH,YDSEYRNIFTNTDESNLYLSYNYYTWAVDAYTWY,HLA-B*08:01,1
VMAPRTLIL,ASSANPGDSSNEKLF,YHSMYRESADTIFVNTLYLWHEFYSSAEQAYTWY,HLA-E*01:03,1
SLYNTIATL,ASSDTVSYEQY,YFAMYGEKVAHTHVDTLYVRYHYYTWAVLAYTWY,HLA-A*02:01,1
SMLGIGIVPV,ASSLSFGTEAF,YFAMYGEKVAHTHVDTLYVRYHYYTWAVLAYTWY,HLA-A*02:01,1
MLDLQPETT,AISGAGLRYNSPLH,YFAMYGEKVAHTHVDTLYVRYHYYTWAVLAYTWY,HLA-A*02:01,1
MLDLQPETT,ASGARPQETQY,YFAMYGEKVAHTHVDTLYVRYHYYTWAVLAYTWY,HLA-A*02:01,1
IPSINVHHY,ASSLELGLAEAF,YYATYRNIFTNTYESNLYIRYDSYTWAVLAYLWY,HLA-B*35:01,1
CYTWNQMNL,ASRPGTGGNTEAF,YSAMYEEKVAHTDENIAYLMFHYYTWAVQAYTGY,HLA-A*24:02,1
CYTWNQMNL,ASSHWHGTVLNQPQH,YSAMYEEKVAHTDENIAYLMFHYYTWAVQAYTGY,HLA-A*24:02,1
MLDLQPETT,ASSSPRGLEY,YFAMYGEKVAHTHVDTLYVRYHYYTWAVLAYTWY,HLA-A*02:01,1
KLQCVDLHV,ASSFRGPNLYTEAF,YFAMYGEKVAHTHVDTLYVRYHYYTWAVLAYTWY,HLA-A*02:01,1
IPSINVHHY,ASSFGSGLAGGNFYNEQF,YYATYRNIFTNTYESNLYIRYDSYTWAVLAYLWY,HLA-B*35:01,1
CYTWNQMNL,ASSFGTGAGGELF,YSAMYEEKVAHTDENIAYLMFHYYTWAVQAYTGY,HLA-A*24:02,1
CYTWNQMNL,ASSLSVIAGGRETQY,YSAMYEEKVAHTDENIAYLMFHYYTWAVQAYTGY,HLA-A*24:02,1
MLDLQPETT,ASSLSVRGSTEAF,YFAMYGEKVAHTHVDTLYVRYHYYTWAVLAYTWY,HLA-A*02:01,1
MLDLQPETT,ASSNKVADTQY,YFAMYGEKVAHTHVDTLYVRYHYYTWAVLAYTWY,HLA-A*02:01,1
MLDLQPETT,ASSLYVSYPKNTIY,YFAMYGEKVAHTHVDTLYVRYHYYTWAVLAYTWY,HLA-A*02:01,1
CYTWNQMNL,ASSQDGGDETPNTEAF,YSAMYEEKVAHTDENIAYLMFHYYTWAVQAYTGY,HLA-A*24:02,1
CYTWNQMNL,ASSLESGFLSGYT,YSAMYEEKVAHTDENIAYLMFHYYTWAVQAYTGY,HLA-A*24:02,1
MLDLQPETT,ASSLLAHTGELF,YFAMYGEKVAHTHVDTLYVRYHYYTWAVLAYTWY,HLA-A*02:01,1
CYTWNQMNL,ASSQGTGQGETQY,YSAMYEEKVAHTDENIAYLMFHYYTWAVQAYTGY,HLA-A*24:02,1
CYTWNQMNL,ASSRRWGQGTWRGYEQY,YSAMYEEKVAHTDENIAYLMFHYYTWAVQAYTGY,HLA-A*24:02,1
MLDLQPETT,ASSPTGGRYGYT,YFAMYGEKVAHTHVDTLYVRYHYYTWAVLAYTWY,HLA-A*02:01,1
MLDLQPETT,ASSPRDRTGGYT,YFAMYGEKVAHTHVDTLYVRYHYYTWAVLAYTWY,HLA-A*02:01,1
RIAAWMATY,ASSPGGGASYEQY,YFAMYQENVAQTDVDTLYIIYRDYTWAELAYTWY,HLA-A*03:01,1
MLDLQPETT,ASSYGTSGYNEQF,YFAMYGEKVAHTHVDTLYVRYHYYTWAVLAYTWY,HLA-A*02:01,1
CYTWNQMNL,ASSYLLTGTSRQETQY,YSAMYEEKVAHTDENIAYLMFHYYTWAVQAYTGY,HLA-A*24:02,1
CYTWNQMNL,ASSYGGTSGGPF,YSAMYEEKVAHTDENIAYLMFHYYTWAVQAYTGY,HLA-A*24:02,1
MLDLQPETT,ASSTPRGGYT,YFAMYGEKVAHTHVDTLYVRYHYYTWAVLAYTWY,HLA-A*02:01,1
IPSINVHHY,SVVTFYYEQY,YYATYRNIFTNTYESNLYIRYDSYTWAVLAYLWY,HLA-B*35:01,1
IPSINVHHY,SVEGSEDYGYT,YYATYRNIFTNTYESNLYIRYDSYTWAVLAYLWY,HLA-B*35:01,1
IPSINVHHY,SVESGRTDEQY,YYATYRNIFTNTYESNLYIRYDSYTWAVLAYLWY,HLA-B*35:01,1
IPSINVHHY,SVEWLNNEQF,YYATYRNIFTNTYESNLYIRYDSYTWAVLAYLWY,HLA-B*35:01,1
CYTWNQMNL,SAMGQGARGRRGYNSPLH,YSAMYEEKVAHTDENIAYLMFHYYTWAVQAYTGY,HLA-A*24:02,1
CYTWNQMNL,ASRFRTLQETQY,YSAMYEEKVAHTDENIAYLMFHYYTWAVQAYTGY,HLA-A*24:02,1
CYTWNQMNL,ASRPLGQDEKLF,YSAMYEEKVAHTDENIAYLMFHYYTWAVQAYTGY,HLA-A*24:02,1
CYTWNQMNL,ASSDGTGGNSPLH,YSAMYEEKVAHTDENIAYLMFHYYTWAVQAYTGY,HLA-A*24:02,1
IPSINVHHY,ASSLSQGGQETQY,YYATYRNIFTNTYESNLYIRYDSYTWAVLAYLWY,HLA-B*35:01,1
CYTWNQMNL,ASSLVSSYEQY,YSAMYEEKVAHTDENIAYLMFHYYTWAVQAYTGY,HLA-A*24:02,1
IPSINVHHY,ASSRDWGLSSYNEQF,YYATYRNIFTNTYESNLYIRYDSYTWAVLAYLWY,HLA-B*35:01,1
CYTWNQMNL,SVDLEANYGYT,YSAMYEEKVAHTDENIAYLMFHYYTWAVQAYTGY,HLA-A*24:02,1
RVRFFFPSL,ASSLASGSNQPQH,YYSEYRNIYAQTDESNLYLSYDYYTWAERAYEWY,HLA-B*07:02,1
FQDYIKSYL,ASSHHSGGIYNEQF,YYAGYREKYRQTDVNKLYLRYNFYTWAERAYTWY,HLA-C*05:01,1
LRVMMLAPF,ASSVGLFSTDTQY,YHTEYREICAKTDEDTLYLNYHDYTWAVLAYEWY,HLA-B*27:05,1
LRVMMLAPF,ASSVATYSTDTQY,YHTEYREICAKTDEDTLYLNYHDYTWAVLAYEWY,HLA-B*27:05,1
SLSKILDTV,ASSPLDVSISSYNEQF,YFAMYGEKVAHTHVDTLYVRYHYYTWAVLAYTWY,HLA-A*02:01,1
LRVMMLAPF,ASSVGTYSTDTQY,YHTEYREICAKTDEDTLYLNYHDYTWAVLAYEWY,HLA-B*27:05,1
FLVWDHNPIG,ASSYSGPNYEQY,YFAMYGEKVAHTHVDTLYVRYHYYTWAVLAYTWY,HLA-A*02:01,1
FRLIARLL,ASISGFMGLMNTEAF,YDSGYRENYRQADVSNLYLRYDSYTLAALAYTWY,HLA-C*07:01,1
FVGPLDEDF,ATYSSGANVLT,YYAGYREKYRQADVSNLYLRYDSYTWAEWAYTWY,HLA-C*12:02,1
ITADVNYNL,ASNPGGRGEKLF,YFAMYGEKVAHTHVDTLYVRYHYYTWAVLAYTWY,HLA-A*02:01,1
VSFGLQFQF,ASSYGGPEQF,YYAMYGENMASTYENIAYIVYDSYTWAVLAYLWY,HLA-B*57:01,1
YLHAYAKAL,ASSLTGSFNEQF,YYAGYREKYRQTDVSNLYIRYDYYTWAELAYLWY,HLA-C*03:03,1
IYLDLPWYL,ASSLGAINQPQH,YSAMYEEKVAHTDENIAYLMFHYYTWAVQAYTGY,HLA-A*24:02,1
IYLDLPWYL,ASSLGRGGNQPQH,YSAMYEEKVAHTDENIAYLMFHYYTWAVQAYTGY,HLA-A*24:02,1
IYLDLPWYL,ASSLGRYNEQF,YSAMYEEKVAHTDENIAYLMFHYYTWAVQAYTGY,HLA-A*24:02,1
IYLDLPWYL,ASSVGQVLGNTEAF,YSAMYEEKVAHTDENIAYLMFHYYTWAVQAYTGY,HLA-A*24:02,1
MYIEMLKSI,SARDITGEVDIQY,YSAMYEEKVAHTDENIAYLMFHYYTWAVQAYTGY,HLA-A*24:02,1
LLLDRLNQL,CSAPILSPYEQYF,YFAMYGEKVAHTHVDTLYVRYHYYTWAVLAYTWY,HLA-A*02:01,1
LLLDRLNQL,CASSASNYGYTF,YFAMYGEKVAHTHVDTLYVRYHYYTWAVLAYTWY,HLA-A*02:01,1
LLLDRLNQL,CASSAELNTYEQYF,YFAMYGEKVAHTHVDTLYVRYHYYTWAVLAYTWY,HLA-A*02:01,1
LLLDRLNQL,CASSIPTSSYEQYF,YFAMYGEKVAHTHVDTLYVRYHYYTWAVLAYTWY,HLA-A*02:01,1
LLLDRLNQL,CATEAGTGTNYGYTF,YFAMYGEKVAHTHVDTLYVRYHYYTWAVLAYTWY,HLA-A*02:01,1
LLLDRLNQL,CASTETSGAYNEQFF,YFAMYGEKVAHTHVDTLYVRYHYYTWAVLAYTWY,HLA-A*02:01,1
LLLDRLNQL,CASSVEGASYEQYF,YFAMYGEKVAHTHVDTLYVRYHYYTWAVLAYTWY,HLA-A*02:01,1
LLLDRLNQL,CASSEGGGEQYF,YFAMYGEKVAHTHVDTLYVRYHYYTWAVLAYTWY,HLA-A*02:01,1
LLLDRLNQL,CASSSGTVPYEQYF,YFAMYGEKVAHTHVDTLYVRYHYYTWAVLAYTWY,HLA-A*02:01,1
LLLDRLNQL,CASASAAYEQYF,YFAMYGEKVAHTHVDTLYVRYHYYTWAVLAYTWY,HLA-A*02:01,1
LLLDRLNQL,CASGGNSYEQYF,YFAMYGEKVAHTHVDTLYVRYHYYTWAVLAYTWY,HLA-A*02:01,1
LLLDRLNQL,CASSPDSVEQYF,YFAMYGEKVAHTHVDTLYVRYHYYTWAVLAYTWY,HLA-A*02:01,1
LLLDRLNQL,CASSVELNSYEQYF,YFAMYGEKVAHTHVDTLYVRYHYYTWAVLAYTWY,HLA-A*02:01,1
LLLDRLNQL,CASSVAHLNTDTQYF,YFAMYGEKVAHTHVDTLYVRYHYYTWAVLAYTWY,HLA-A*02:01,1
KRWIILGLNK,CASSPGQLGNTIYF,YHTEYREICAKTDEDTLYLNYHDYTWAVLAYEWY,HLA-B*27:05,1
KRWIILGLNK,CASRLLGGGQETQYF,YHTEYREICAKTDEDTLYLNYHDYTWAVLAYEWY,HLA-B*27:05,1
KRWIILGLNK,CASSPGVFGVTQYF,YHTEYREICAKTDEDTLYLNYHDYTWAVLAYEWY,HLA-B*27:05,1
KRWIILGLNK,CASSQGVSSTEAFF,YHTEYREICAKTDEDTLYLNYHDYTWAVLAYEWY,HLA-B*27:05,1
KRWIILGLNK,CASSQGLLANEQFF,YHTEYREICAKTDEDTLYLNYHDYTWAVLAYEWY,HLA-B*27:05,1
KRWIILGLNK,CASSQGVPSTEAFF,YHTEYREICAKTDEDTLYLNYHDYTWAVLAYEWY,HLA-B*27:05,1
KRWIILGLNK,CAGRLLGGGQETQYF,YHTEYREICAKTDEDTLYLNYHDYTWAVLAYEWY,HLA-B*27:05,1
KRWIILGLNK,CSARDLGLAGDTDTQYF,YHTEYREICAKTDEDTLYLNYHDYTWAVLAYEWY,HLA-B*27:05,1
KRWIILGLNK,CASSLDSYEQYF,YHTEYREICAKTDEDTLYLNYHDYTWAVLAYEWY,HLA-B*27:05,1
KRWIILGLNK,CASSQGQLGNTIYF,YHTEYREICAKTDEDTLYLNYHDYTWAVLAYEWY,HLA-B*27:05,1
KRWIILGLNK,CASSLGIPGTAQWVYGYTF,YHTEYREICAKTDEDTLYLNYHDYTWAVLAYEWY,HLA-B*27:05,1
KRWIILGLNK,CASSPLGGHHSGANVLTF,YHTEYREICAKTDEDTLYLNYHDYTWAVLAYEWY,HLA-B*27:05,1
KRWIILGLNK,CASSEDYYEQYF,YHTEYREICAKTDEDTLYLNYHDYTWAVLAYEWY,HLA-B*27:05,1
KRWIILGLNK,CSAREVYYNSPLHF,YHTEYREICAKTDEDTLYLNYHDYTWAVLAYEWY,HLA-B*27:05,1
KRWIILGLNK,CASSPLGGHHTGANVLTF,YHTEYREICAKTDEDTLYLNYHDYTWAVLAYEWY,HLA-B*27:05,1
KRWIILGLNK,CASSLDVNEQFF,YHTEYREICAKTDEDTLYLNYHDYTWAVLAYEWY,HLA-B*27:05,1
KRWIILGLNK,CASSTGTVYNEQFF,YHTEYREICAKTDEDTLYLNYHDYTWAVLAYEWY,HLA-B*27:05,1
KRWIILGLNK,CASSYDLNEQYF,YHTEYREICAKTDEDTLYLNYHDYTWAVLAYEWY,HLA-B*27:05,1
KRWIILGLNK,CASSGLAPTSYNEQFF,YHTEYREICAKTDEDTLYLNYHDYTWAVLAYEWY,HLA-B*27:05,1
KRWIILGLNK,CASRGGAPKIF,YHTEYREICAKTDEDTLYLNYHDYTWAVLAYEWY,HLA-B*27:05,1
KRWIILGLNK,CSARVTSSDEQYF,YHTEYREICAKTDEDTLYLNYHDYTWAVLAYEWY,HLA-B*27:05,1
KRWIILGLNK,CASSYDNYEQYF,YHTEYREICAKTDEDTLYLNYHDYTWAVLAYEWY,HLA-B*27:05,1
KRWIILGLNK,CASSSDREEQYF,YHTEYREICAKTDEDTLYLNYHDYTWAVLAYEWY,HLA-B*27:05,1
KRWIILGLNK,CASGLVLPVRGREETQYF,YHTEYREICAKTDEDTLYLNYHDYTWAVLAYEWY,HLA-B*27:05,1
KRWIILGLNK,CASSLDRAEQYF,YHTEYREICAKTDEDTLYLNYHDYTWAVLAYEWY,HLA-B*27:05,1
KRWIILGLNK,CSARQGLNNEQFF,YHTEYREICAKTDEDTLYLNYHDYTWAVLAYEWY,HLA-B*27:05,1
KRWIILGLNK,CASSPLGDRETQYF,YHTEYREICAKTDEDTLYLNYHDYTWAVLAYEWY,HLA-B*27:05,1
KRWIILGLNK,CASSFIAGTEAFF,YHTEYREICAKTDEDTLYLNYHDYTWAVLAYEWY,HLA-B*27:05,1
KRWIILGLNK,CASSLVAGTYNEQFF,YHTEYREICAKTDEDTLYLNYHDYTWAVLAYEWY,HLA-B*27:05,1
KRWIILGLNK,CASRGIQADGYTF,YHTEYREICAKTDEDTLYLNYHDYTWAVLAYEWY,HLA-B*27:05,1
KRWIILGLNK,CSASDNELPGSSYNEQFF,YHTEYREICAKTDEDTLYLNYHDYTWAVLAYEWY,HLA-B*27:05,1
KRWIILGLNK,CASSMADLSYEQYF,YHTEYREICAKTDEDTLYLNYHDYTWAVLAYEWY,HLA-B*27:05,1
KRWIILGLNK,CASSGGLPEGYTF,YHTEYREICAKTDEDTLYLNYHDYTWAVLAYEWY,HLA-B*27:05,1
KRWIILGLNK,CSASNPLLGQGAGYGYTF,YHTEYREICAKTDEDTLYLNYHDYTWAVLAYEWY,HLA-B*27:05,1
KRWIILGLNK,CSGRGVAYNSPLHF,YHTEYREICAKTDEDTLYLNYHDYTWAVLAYEWY,HLA-B*27:05,1
KRWIILGLNK,CASSQDITFPKQFF,YHTEYREICAKTDEDTLYLNYHDYTWAVLAYEWY,HLA-B*27:05,1
KRWIILGLNK,CSASNPLLGQGADYGYTF,YHTEYREICAKTDEDTLYLNYHDYTWAVLAYEWY,HLA-B*27:05,1
KRWIILGLNK,CRTRSVETDTQYF,YHTEYREICAKTDEDTLYLNYHDYTWAVLAYEWY,HLA-B*27:05,1
KRWIILGLNK,CASSGEREGQVGELFF,YHTEYREICAKTDEDTLYLNYHDYTWAVLAYEWY,HLA-B*27:05,1
KRWIILGLNK,CSVPGLAQNEQFF,YHTEYREICAKTDEDTLYLNYHDYTWAVLAYEWY,HLA-B*27:05,1
KRWIILGLNK,CASSPGTGELFF,YHTEYREICAKTDEDTLYLNYHDYTWAVLAYEWY,HLA-B*27:05,1
KRWIILGLNK,CASSPTGLVGLIQNTEAFF,YHTEYREICAKTDEDTLYLNYHDYTWAVLAYEWY,HLA-B*27:05,1
KRWIILGLNK,CASSQGQYSHEQYF,YHTEYREICAKTDEDTLYLNYHDYTWAVLAYEWY,HLA-B*27:05,1
KRWIILGLNK,CASSQGRLSAEAFF,YHTEYREICAKTDEDTLYLNYHDYTWAVLAYEWY,HLA-B*27:05,1
KRWIILGLNK,CASSPGRLGNEQYF,YHTEYREICAKTDEDTLYLNYHDYTWAVLAYEWY,HLA-B*27:05,1
KRWIILGLNK,CSAMGGGPYEQYF,YHTEYREICAKTDEDTLYLNYHDYTWAVLAYEWY,HLA-B*27:05,1
KRWIILGLNK,CASSQGALSNEQFF,YHTEYREICAKTDEDTLYLNYHDYTWAVLAYEWY,HLA-B*27:05,1
KRWIILGLNK,CASSSFGPSNQPQHF,YHTEYREICAKTDEDTLYLNYHDYTWAVLAYEWY,HLA-B*27:05,1
KRWIILGLNK,CASSRQSGEREQFF,YHTEYREICAKTDEDTLYLNYHDYTWAVLAYEWY,HLA-B*27:05,1
KRWIILGLNK,CASSEDRNEQFF,YHTEYREICAKTDEDTLYLNYHDYTWAVLAYEWY,HLA-B*27:05,1
KRWIILGLNK,CASRPGQGNNEQFF,YHTEYREICAKTDEDTLYLNYHDYTWAVLAYEWY,HLA-B*27:05,1
KRWIILGLNK,CASGEGTLSYEQYF,YHTEYREICAKTDEDTLYLNYHDYTWAVLAYEWY,HLA-B*27:05,1
KRWIILGLNK,CASNRQSGEREQFF,YHTEYREICAKTDEDTLYLNYHDYTWAVLAYEWY,HLA-B*27:05,1
KRWIILGLNK,CASRPGQGHHEQYF,YHTEYREICAKTDEDTLYLNYHDYTWAVLAYEWY,HLA-B*27:05,1
KRWIILGLNK,CASSPLGLSGANVLTF,YHTEYREICAKTDEDTLYLNYHDYTWAVLAYEWY,HLA-B*27:05,1
KRWIILGLNK,CASSFDRNEQFF,YHTEYREICAKTDEDTLYLNYHDYTWAVLAYEWY,HLA-B*27:05,1
KRWIILGLNK,CASSLTSIAEAFF,YHTEYREICAKTDEDTLYLNYHDYTWAVLAYEWY,HLA-B*27:05,1
KRWIILGLNK,CASSLSAGQGMTDTQYF,YHTEYREICAKTDEDTLYLNYHDYTWAVLAYEWY,HLA-B*27:05,1
KRWIILGLNK,CSVEGEEDANYEQYF,YHTEYREICAKTDEDTLYLNYHDYTWAVLAYEWY,HLA-B*27:05,1
KRWIILGLNK,CASSQAREQFF,YHTEYREICAKTDEDTLYLNYHDYTWAVLAYEWY,HLA-B*27:05,1
KRWIILGLNK,CASSFGGAGDTEAFF,YHTEYREICAKTDEDTLYLNYHDYTWAVLAYEWY,HLA-B*27:05,1
KRWIILGLNK,CAISHTGELFF,YHTEYREICAKTDEDTLYLNYHDYTWAVLAYEWY,HLA-B*27:05,1
KRWIILGLNK,CASSRDTVYNQPQHF,YHTEYREICAKTDEDTLYLNYHDYTWAVLAYEWY,HLA-B*27:05,1
KRWIILGLNK,CASSPGTSIDEQFF,YHTEYREICAKTDEDTLYLNYHDYTWAVLAYEWY,HLA-B*27:05,1
KRWIILGLNK,CASSPGAGENIQYF,YHTEYREICAKTDEDTLYLNYHDYTWAVLAYEWY,HLA-B*27:05,1
KRWIILGLNK,CASSQDGSGAGYTF,YHTEYREICAKTDEDTLYLNYHDYTWAVLAYEWY,HLA-B*27:05,1
KRWIILGLNK,CASSPGTGIGEQFF,YHTEYREICAKTDEDTLYLNYHDYTWAVLAYEWY,HLA-B*27:05,1
KRWIILGLNK,CASSPQTAGELFF,YHTEYREICAKTDEDTLYLNYHDYTWAVLAYEWY,HLA-B*27:05,1
KRWIILGLNK,CAISHTRELFF,YHTEYREICAKTDEDTLYLNYHDYTWAVLAYEWY,HLA-B*27:05,1
KRWIILGLNK,CASSLRGGNTDTQYF,YHTEYREICAKTDEDTLYLNYHDYTWAVLAYEWY,HLA-B*27:05,1
KRWIILGLNK,CASSQSTGELFF,YHTEYREICAKTDEDTLYLNYHDYTWAVLAYEWY,HLA-B*27:05,1
KRWIILGLNK,CASSQGIFAYEQYF,YHTEYREICAKTDEDTLYLNYHDYTWAVLAYEWY,HLA-B*27:05,1
KRWIILGLNK,CASSGNSFSAFF,YHTEYREICAKTDEDTLYLNYHDYTWAVLAYEWY,HLA-B*27:05,1
KRWIILGLNK,CATSETGELFF,YHTEYREICAKTDEDTLYLNYHDYTWAVLAYEWY,HLA-B*27:05,1
KRWIILGLNK,CAWSLTGMNQPQHF,YHTEYREICAKTDEDTLYLNYHDYTWAVLAYEWY,HLA-B*27:05,1
KRWIILGLNK,CASSSQADTQYF,YHTEYREICAKTDEDTLYLNYHDYTWAVLAYEWY,HLA-B*27:05,1
KRWIILGLNK,CASSSSPGTSGNQPQHF,YHTEYREICAKTDEDTLYLNYHDYTWAVLAYEWY,HLA-B*27:05,1
KRWIILGLNK,CASSSRGGATDTQYF,YHTEYREICAKTDEDTLYLNYHDYTWAVLAYEWY,HLA-B*27:05,1
KRWIILGLNK,CASSPGQFGNTIYF,YHTEYREICAKTDEDTLYLNYHDYTWAVLAYEWY,HLA-B*27:05,1
KRWIILGLNK,CASSLLGGNPTQYF,YHTEYREICAKTDEDTLYLNYHDYTWAVLAYEWY,HLA-B*27:05,1
KRWIILGLNK,CASSLLGGNSTQYF,YHTEYREICAKTDEDTLYLNYHDYTWAVLAYEWY,HLA-B*27:05,1
KRWIILGLNK,CASRPGQGSHEQYF,YHTEYREICAKTDEDTLYLNYHDYTWAVLAYEWY,HLA-B*27:05,1
KRWIILGLNK,CASRPGRGSHEQYF,YHTEYREICAKTDEDTLYLNYHDYTWAVLAYEWY,HLA-B*27:05,1
KRWIILGLNK,CASGPGQGSHEQYF,YHTEYREICAKTDEDTLYLNYHDYTWAVLAYEWY,HLA-B*27:05,1
KRWIILGLNK,CAGRPGQGSHEQYF,YHTEYREICAKTDEDTLYLNYHDYTWAVLAYEWY,HLA-B*27:05,1
KRWIILGLNK,CASSLGTSSYEQYF,YHTEYREICAKTDEDTLYLNYHDYTWAVLAYEWY,HLA-B*27:05,1
KRWIILGLNK,CASAPGLMSYEQYF,YHTEYREICAKTDEDTLYLNYHDYTWAVLAYEWY,HLA-B*27:05,1
KRWIILGLNK,CANSLGTSSYEQYF,YHTEYREICAKTDEDTLYLNYHDYTWAVLAYEWY,HLA-B*27:05,1
KRWIILGLNK,CAGSLGTSSYEQYF,YHTEYREICAKTDEDTLYLNYHDYTWAVLAYEWY,HLA-B*27:05,1
KRWIILGLNK,CASSPGTSSYEQYF,YHTEYREICAKTDEDTLYLNYHDYTWAVLAYEWY,HLA-B*27:05,1
KRWIILGLNK,CTSSLGTSSYEQYF,YHTEYREICAKTDEDTLYLNYHDYTWAVLAYEWY,HLA-B*27:05,1
KRWIILGLNK,CASTEYSGSIEQFF,YHTEYREICAKTDEDTLYLNYHDYTWAVLAYEWY,HLA-B*27:05,1
KRWIILGLNK,CASSRKTGPYEQYF,YHTEYREICAKTDEDTLYLNYHDYTWAVLAYEWY,HLA-B*27:05,1
KRWIILGLNK,CASSLGTNSYEQYF,YHTEYREICAKTDEDTLYLNYHDYTWAVLAYEWY,HLA-B*27:05,1
KRWIILGLNK,CASSQGANYEQYF,YHTEYREICAKTDEDTLYLNYHDYTWAVLAYEWY,HLA-B*27:05,1
KRWIILGLNK,CASMGGANTEAFF,YHTEYREICAKTDEDTLYLNYHDYTWAVLAYEWY,HLA-B*27:05,1
KRWIILGLNK,CASSPTTYGYTF,YHTEYREICAKTDEDTLYLNYHDYTWAVLAYEWY,HLA-B*27:05,1
KRWIILGLNK,CAISEYGNAASPLHF,YHTEYREICAKTDEDTLYLNYHDYTWAVLAYEWY,HLA-B*27:05,1
KRWIILGLNK,CASSVLGTSGGAEQFF,YHTEYREICAKTDEDTLYLNYHDYTWAVLAYEWY,HLA-B*27:05,1
KRWIILGLNK,CSARDWASGLSSYEQYF,YHTEYREICAKTDEDTLYLNYHDYTWAVLAYEWY,HLA-B*27:05,1
KRWIILGLNK,CSAPLAGAPQDTQYF,YHTEYREICAKTDEDTLYLNYHDYTWAVLAYEWY,HLA-B*27:05,1
KRWIILGLNK,CASRPGQGSHEQFF,YHTEYREICAKTDEDTLYLNYHDYTWAVLAYEWY,HLA-B*27:05,1
KRWIILGLNK,CASSSFGPGNQPQHF,YHTEYREICAKTDEDTLYLNYHDYTWAVLAYEWY,HLA-B*27:05,1
KRWIILGLNK,CASNSFGPSNQPQHF,YHTEYREICAKTDEDTLYLNYHDYTWAVLAYEWY,HLA-B*27:05,1
KRWIILGLNK,CASSPDNQPQHF,YHTEYREICAKTDEDTLYLNYHDYTWAVLAYEWY,HLA-B*27:05,1
KRWIILGLNK,CASSPFGPSNQPQHF,YHTEYREICAKTDEDTLYLNYHDYTWAVLAYEWY,HLA-B*27:05,1
KRWIILGLNK,CASSSFGPSNQPRH,YHTEYREICAKTDEDTLYLNYHDYTWAVLAYEWY,HLA-B*27:05,1
KRWIILGLNK,CASSSFGPSNLPQHF,YHTEYREICAKTDEDTLYLNYHDYTWAVLAYEWY,HLA-B*27:05,1
KRWIILGLNK,CASSFGPSNQPQHF,YHTEYREICAKTDEDTLYLNYHDYTWAVLAYEWY,HLA-B*27:05,1
KRWIILGLNK,CASSPGQFSHEAFF,YHTEYREICAKTDEDTLYLNYHDYTWAVLAYEWY,HLA-B*27:05,1
KRWIILGLNK,CASRTGQGAYEQYF,YHTEYREICAKTDEDTLYLNYHDYTWAVLAYEWY,HLA-B*27:05,1
KRWIILGLNK,CASSRGTSDYEQYF,YHTEYREICAKTDEDTLYLNYHDYTWAVLAYEWY,HLA-B*27:05,1
QIKVRVDMV,CASSPTPGQRNGYTF,YDSEYRNIFTNTDESNLYLSYNYYTWAVDAYTWY,HLA-B*08:01,1
QIKVRVDMV,CASSLKPGLSIDTQYF,YDSEYRNIFTNTDESNLYLSYNYYTWAVDAYTWY,HLA-B*08:01,1
QIKVRVDMV,CATSVPSGRSYNEQFF,YDSEYRNIFTNTDESNLYLSYNYYTWAVDAYTWY,HLA-B*08:01,1
QIKVRVDMV,CASSRAGAYNEQFF,YDSEYRNIFTNTDESNLYLSYNYYTWAVDAYTWY,HLA-B*08:01,1
QIKVRVDMV,CASSGVEGITVNTEAFF,YDSEYRNIFTNTDESNLYLSYNYYTWAVDAYTWY,HLA-B*08:01,1
QIKVRVDMV,CASSRLAGADTQYF,YDSEYRNIFTNTDESNLYLSYNYYTWAVDAYTWY,HLA-B*08:01,1
IPSINVHHY,CASSHTGAEAFF,YYATYRNIFTNTYESNLYIRYDSYTWAVLAYLWY,HLA-B*35:01,1
IPSINVHHY,CASSPTTAYEQYF,YYATYRNIFTNTYESNLYIRYDSYTWAVLAYLWY,HLA-B*35:01,1
IPSINVHHY,CASSPALDAQYF,YYATYRNIFTNTYESNLYIRYDSYTWAVLAYLWY,HLA-B*35:01,1
IPSINVHHY,CASSPDLGSTEAFF,YYATYRNIFTNTYESNLYIRYDSYTWAVLAYLWY,HLA-B*35:01,1
IPSINVHHY,CASSLDLGSTEAFF,YYATYRNIFTNTYESNLYIRYDSYTWAVLAYLWY,HLA-B*35:01,1
IPSINVHHY,CASSSGGVYEQYF,YYATYRNIFTNTYESNLYIRYDSYTWAVLAYLWY,HLA-B*35:01,1
IPSINVHHY,CASSLTGSEAFF,YYATYRNIFTNTYESNLYIRYDSYTWAVLAYLWY,HLA-B*35:01,1
IPSINVHHY,CASSLALDEQFF,YYATYRNIFTNTYESNLYIRYDSYTWAVLAYLWY,HLA-B*35:01,1
IPSINVHHY,CSVMRTDFDQYF,YYATYRNIFTNTYESNLYIRYDSYTWAVLAYLWY,HLA-B*35:01,1
IPSINVHHY,CASSYTGSEAFF,YYATYRNIFTNTYESNLYIRYDSYTWAVLAYLWY,HLA-B*35:01,1
IPSINVHHY,CSVMRTDFQYF,YYATYRNIFTNTYESNLYIRYDSYTWAVLAYLWY,HLA-B*35:01,1
IPSINVHHY,CASSGTGTEAFF,YYATYRNIFTNTYESNLYIRYDSYTWAVLAYLWY,HLA-B*35:01,1
IPSINVHHY,CSVMRGEHDEQYF,YYATYRNIFTNTYESNLYIRYDSYTWAVLAYLWY,HLA-B*35:01,1
IPSINVHHY,CASSYSTAGELFF,YYATYRNIFTNTYESNLYIRYDSYTWAVLAYLWY,HLA-B*35:01,1
IPSINVHHY,CASSPGTEQFF,YYATYRNIFTNTYESNLYIRYDSYTWAVLAYLWY,HLA-B*35:01,1
IPSINVHHY,CASSLTGTEAFF,YYATYRNIFTNTYESNLYIRYDSYTWAVLAYLWY,HLA-B*35:01,1
IPSINVHHY,CASSKTGTEAFF,YYATYRNIFTNTYESNLYIRYDSYTWAVLAYLWY,HLA-B*35:01,1
IPSINVHHY,CASSYSTGQLQHF,YYATYRNIFTNTYESNLYIRYDSYTWAVLAYLWY,HLA-B*35:01,1
IPSINVHHY,CASSPTGGELFF,YYATYRNIFTNTYESNLYIRYDSYTWAVLAYLWY,HLA-B*35:01,1
VMAPRTLIL,CASSQDRDTQYF,YHSMYRESADTIFVNTLYLWHEFYSSAEQAYTWY,HLA-E*01:01:01:03,1
KRWIILGLNK,CASREGLGGTEAFF,YHTEYREICAKTDEDTLYLNYHDYTWAVLAYEWY,HLA-B*27:05:31,1
HSKKKCDEL,CASSLRGRGDQPQHF,YDSEYRNIFTNTDESNLYLSYNYYTWAVDAYTWY,HLA-B*08:01:29,1
IPSINVHHY,CASSLEGGYYNEQFF,YYATYRNIFTNTYESNLYIRYDSYTWAVLAYLWY,HLA-B*35:42:01,1
SLYNTIATL,CASSDTVSYEQYF,YFAMYGEKVAHTHVDTLYVRYHYYTWAVLAYTWY,HLA-A*02:01:48,1
VMAPRTLIL,CASSANPGDSSNEKLFF,YHSMYRESADTIFVNTLYLWHEFYSSAEQAYTWY,HLA-E*01:01:01:03,1
SMLGIGIVPV,CASSLSFGTEAFF,YFAMYGEKVAHTHVDTLYVRYHYYTWAVLAYTWY,HLA-A*02:01:48,1
VPLTEDAEL,CASRTRGGTLIEQYF,YYATYRNIFTNTYESNLYIRYDSYTWAVLAYLWY,HLA-B*35:42:02,1
SLSKILDTV,CASSPLDVSISSYNEQFF,YFAMYGEKVAHTHVDTLYVRYHYYTWAVLAYTWY,HLA-A*02:01:48,1
TPQDLNTML,CASSLGIDAIYF,YYSEYRNIYAQTDESNLYLSYNYYSLAVLAYEWY,HLA-B*81:01,1
TPQDLNTML,CASSLGIDAIYF,YYSEYRNIYAQTDESNLYLSYNYYTWAVDAYTWY,HLA-B*42:01,1
RMYSPVSI,CASSLGREYGYTF,YHSMYRESADTIFVNTLYLWHEFYSSAEQAYTWY,HLA-E*01:03,1
TPQDLNTML,CASSMIQGADTQYF,YYSEYRNIYAQTDESNLYLSYNYYTWAVDAYTWY,HLA-B*42,1
TPQDLNTML,CASSLGLREQFF,YYSEYRNIYAQTDESNLYLSYNYYTWAVDAYTWY,HLA-B*42,1
KRWIILGLNK,CASSFGQGAIEQYF,YHTEYREICAKTYENTAYLNYHDYTWAVLAYEWY,HLA-B*27,1
KRWIILGLNK,CASSQDRMDRAGEQYF,YHTEYREICAKTYENTAYLNYHDYTWAVLAYEWY,HLA-B*27,1
KRWIILGLNK,CASSQDQTLYFMNTEAFF,YHTEYREICAKTYENTAYLNYHDYTWAVLAYEWY,HLA-B*27,1
KRWIILGLNK,CATSRDGAGSNEKLFF,YHTEYREICAKTYENTAYLNYHDYTWAVLAYEWY,HLA-B*27,1
KRWIILGLNK,CASSLVLAIEQYF,YHTEYREICAKTYENTAYLNYHDYTWAVLAYEWY,HLA-B*27,1
KRWIILGLNK,CASSLEGGAALWDTQYF,YHTEYREICAKTYENTAYLNYHDYTWAVLAYEWY,HLA-B*27,1
KRWIILGLNK,CASSGLAGLGQFF,YHTEYREICAKTYENTAYLNYHDYTWAVLAYEWY,HLA-B*27,1
KRWIILGLNK,CASSQDQALYFMNTEAFF,YHTEYREICAKTYENTAYLNYHDYTWAVLAYEWY,HLA-B*27,1
KRWIILGLNK,CASSLSSGSSYEQYF,YHTEYREICAKTYENTAYLNYHDYTWAVLAYEWY,HLA-B*27,1
TPQDLNTML,CASSYGGTGPEGSSYEQYF,YYSEYRNIYAQTDESNLYLSYNYYTWAVDAYTWY,HLA-B*42,1
TPQDLNTML,CASTDTQYF,YYSEYRNIYAQTDESNLYLSYNYYTWAVDAYTWY,HLA-B*42,1
TPQDLNTML,CASSSRDREETQYF,YYSEYRNIYAQTDESNLYLSYNYYTWAVDAYTWY,HLA-B*42,1
KRWIILGLNK,CASSQGQLGNTIYF,YHTEYREICAKTYENTAYLNYHDYTWAVLAYEWY,HLA-B*27,1
KRWIILGLNK,CASSLGGTNHGYTF,YHTEYREICAKTYENTAYLNYHDYTWAVLAYEWY,HLA-B*27,1
KRWIILGLNK,CASSPGTGKNIQYF,YHTEYREICAKTYENTAYLNYHDYTWAVLAYEWY,HLA-B*27,1
KRWIILGLNK,CASSQEGVNTEAFF,YHTEYREICAKTYENTAYLNYHDYTWAVLAYEWY,HLA-B*27,1
KRWIILGLNK,CASSQAQGLSNSPLHF,YHTEYREICAKTYENTAYLNYHDYTWAVLAYEWY,HLA-B*27,1
KRWIILGLNK,CASSRTQGPNTDTQYF,YHTEYREICAKTYENTAYLNYHDYTWAVLAYEWY,HLA-B*27,1
KRWIILGLNK,CASSLDHLAGVNNEQFF,YHTEYREICAKTYENTAYLNYHDYTWAVLAYEWY,HLA-B*27,1
KRWIILGLNK,CASSGQLLEAFF,YHTEYREICAKTYENTAYLNYHDYTWAVLAYEWY,HLA-B*27,1
KRWIILGLNK,CASSLEGSRNTEAFF,YHTEYREICAKTYENTAYLNYHDYTWAVLAYEWY,HLA-B*27,1
KRWIILGLNK,CASSQPPDRGYGYTF,YHTEYREICAKTYENTAYLNYHDYTWAVLAYEWY,HLA-B*27,1
KRWIILGLNK,CASSLVGSYEQFF,YHTEYREICAKTYENTAYLNYHDYTWAVLAYEWY,HLA-B*27,1
KRWIILGLNK,CASSTTSGRYEQYF,YHTEYREICAKTYENTAYLNYHDYTWAVLAYEWY,HLA-B*27,1
KRWIILGLNK,CASSLSSDEHGYTF,YHTEYREICAKTYENTAYLNYHDYTWAVLAYEWY,HLA-B*27,1
KRWIILGLNK,CASSLTAPDTEAFF,YHTEYREICAKTYENTAYLNYHDYTWAVLAYEWY,HLA-B*27,1
KRWIILGLNK,CASSGTAPAAEAFF,YHTEYREICAKTYENTAYLNYHDYTWAVLAYEWY,HLA-B*27,1
KRWIILGLNK,CASSSTAPDTEAFF,YHTEYREICAKTYENTAYLNYHDYTWAVLAYEWY,HLA-B*27,1
KRWIILGLNK,CASSTAPGTEAFF,YHTEYREICAKTYENTAYLNYHDYTWAVLAYEWY,HLA-B*27,1
KRWIILGLNK,CASSRSTGELFF,YHTEYREICAKTYENTAYLNYHDYTWAVLAYEWY,HLA-B*27,1
KRWIILGLNK,CSARDQRDYQETQYF,YHTEYREICAKTYENTAYLNYHDYTWAVLAYEWY,HLA-B*27,1
KRWIILGLNK,CASSVRTGELFF,YHTEYREICAKTYENTAYLNYHDYTWAVLAYEWY,HLA-B*27,1
KRWIILGLNK,CASSPRTGELFF,YHTEYREICAKTYENTAYLNYHDYTWAVLAYEWY,HLA-B*27,1
IPSINVHHY,CASSADSNGELFF,YYATYRNIFTNTYESNLYIRYDSYTWAVLAYLWY,HLA-B*35:01,1
KIYSKHTPI,CASSFPGYGYTF,YFAMYGEKVAHTHVDTLYVRYHYYTWAVLAYTWY,HLA-A*02:01,1
KRWIILGLNK,CASSLLVSGNEQFF,YHTEYREICAKTYENTAYLNYHDYTWAVLAYEWY,HLA-B*27,1
KRWIILGLNK,CASSTRQNTEAFF,YHTEYREICAKTYENTAYLNYHDYTWAVLAYEWY,HLA-B*27,1
KRWIILGLNK,CASSQGVGNTIYF,YHTEYREICAKTYENTAYLNYHDYTWAVLAYEWY,HLA-B*27,1
KRWIILGLNK,CASSRYQTEAFF,YHTEYREICAKTYENTAYLNYHDYTWAVLAYEWY,HLA-B*27,1
KRWIILGLNK,CASSGMRGTEAFF,YHTEYREICAKTYENTAYLNYHDYTWAVLAYEWY,HLA-B*27,1
KRWIILGLNK,CSARDLAEGTYEQYF,YHTEYREICAKTYENTAYLNYHDYTWAVLAYEWY,HLA-B*27,1
KRWIILGLNK,CASSLDVGEQYF,YHTEYREICAKTYENTAYLNYHDYTWAVLAYEWY,HLA-B*27,1
KRWIILGLNK,CASSLKAAAYNEQFF,YHTEYREICAKTYENTAYLNYHDYTWAVLAYEWY,HLA-B*27,1
KRWIILGLNK,CSAISGTSGIFSYNEQFF,YHTEYREICAKTYENTAYLNYHDYTWAVLAYEWY,HLA-B*27,1
KRWIILGLNK,CAIGGNTEAFF,YHTEYREICAKTYENTAYLNYHDYTWAVLAYEWY,HLA-B*27,1
KRWIILGLNK,CASSSGMRGTEAFF,YHTEYREICAKTYENTAYLNYHDYTWAVLAYEWY,HLA-B*27,1
KRWIILGLNK,CASSLGVNAVEQYF,YHTEYREICAKTYENTAYLNYHDYTWAVLAYEWY,HLA-B*27,1
KRWIILGLNK,CASGQSGTAYNEQFF,YHTEYREICAKTYENTAYLNYHDYTWAVLAYEWY,HLA-B*27,1
KRWIILGLNK,CSARVGLNNEQFF,YHTEYREICAKTYENTAYLNYHDYTWAVLAYEWY,HLA-B*27,1
KRWIILGLNK,CSARAPAGMYPGNQPQHF,YHTEYREICAKTYENTAYLNYHDYTWAVLAYEWY,HLA-B*27,1
KRWIILGLNK,CASSQGQYGNTIYF,YHTEYREICAKTYENTAYLNYHDYTWAVLAYEWY,HLA-B*27,1
KRWIILGLNK,CASSQGRLDNGQYF,YHTEYREICAKTYENTAYLNYHDYTWAVLAYEWY,HLA-B*27,1
KRWIILGLNK,CASSTRGNTEAFF,YHTEYREICAKTYENTAYLNYHDYTWAVLAYEWY,HLA-B*27,1
KRWIILGLNK,CASSQGRWGTEAFF,YHTEYREICAKTYENTAYLNYHDYTWAVLAYEWY,HLA-B*27,1
KRWIILGLNK,CASSLGANAVEQYF,YHTEYREICAKTYENTAYLNYHDYTWAVLAYEWY,HLA-B*27,1
KRWIILGLNK,CASSSGLAGGREQFF,YHTEYREICAKTYENTAYLNYHDYTWAVLAYEWY,HLA-B*27,1
KRWIILGLNK,CASSPGTFHNEQFF,YHTEYREICAKTYENTAYLNYHDYTWAVLAYEWY,HLA-B*27,1
KRWIILGLNK,CASSDPTGSGAYEQYF,YHTEYREICAKTYENTAYLNYHDYTWAVLAYEWY,HLA-B*27,1
KRWIILGLNK,CASGQSGTACNEQFF,YHTEYREICAKTYENTAYLNYHDYTWAVLAYEWY,HLA-B*27,1
KRWIILGLNK,CSARDPSRGSGVMDEQFF,YHTEYREICAKTYENTAYLNYHDYTWAVLAYEWY,HLA-B*27,1
KRWIILGLNK,CSARDPPRGSGVMDEQFF,YHTEYREICAKTYENTAYLNYHDYTWAVLAYEWY,HLA-B*27,1
KRWIILGLNK,CSADPSRGSGVMDEQFF,YHTEYREICAKTYENTAYLNYHDYTWAVLAYEWY,HLA-B*27,1
KRWIILGLNK,CASSLDRETGY,YHTEYREICAKTYENTAYLNYHDYTWAVLAYEWY,HLA-B*27,1
KRWIILGLNK,CASSDRTVRAYEQYF,YHTEYREICAKTYENTAYLNYHDYTWAVLAYEWY,HLA-B*27,1
KRWIILGLNK,CASSRSWLAGGLSTDTQYF,YHTEYREICAKTYENTAYLNYHDYTWAVLAYEWY,HLA-B*27,1
KRWIILGLNK,CASSHDRDTQYF,YHTEYREICAKTYENTAYLNYHDYTWAVLAYEWY,HLA-B*27,1
KRWIILGLNK,CASSPLGTRAYEQYF,YHTEYREICAKTYENTAYLNYHDYTWAVLAYEWY,HLA-B*27,1
KRWIILGLNK,CASSPLGPSAYEQYF,YHTEYREICAKTYENTAYLNYHDYTWAVLAYEWY,HLA-B*27,1
KRWIILGLNK,CASSPGVFGNEQFF,YHTEYREICAKTYENTAYLNYHDYTWAVLAYEWY,HLA-B*27,1
IPSINVHHY,CASKGQGARDGYTF,YYATYRNIFTNTYESNLYIRYDSYTWAVLAYLWY,HLA-B*35:01,1
IPSINVHHY,CASSLDPAGQGYEQYF,YYATYRNIFTNTYESNLYIRYDSYTWAVLAYLWY,HLA-B*35:01,1
IPSINVHHY,CASSLELAMGETQYF,YYATYRNIFTNTYESNLYIRYDSYTWAVLAYLWY,HLA-B*35:01,1
IPSINVHHY,CASSPSHGPNEKLFF,YYATYRNIFTNTYESNLYIRYDSYTWAVLAYLWY,HLA-B*35:01,1
IPSINVHHY,CASSRELSMGETQYF,YYATYRNIFTNTYESNLYIRYDSYTWAVLAYLWY,HLA-B*35:01,1
IPSINVHHY,CASSSSSAPNEKLFF,YYATYRNIFTNTYESNLYIRYDSYTWAVLAYLWY,HLA-B*35:01,1
IPSINVHHY,CATSDRTGRHEQYF,YYATYRNIFTNTYESNLYIRYDSYTWAVLAYLWY,HLA-B*35:01,1
IPSINVHHY,CSVEEGVLYEQYF,YYATYRNIFTNTYESNLYIRYDSYTWAVLAYLWY,HLA-B*35:01,1
IPSINVHHY,CASIEERGSYNEQFF,YYATYRNIFTNTYESNLYIRYDSYTWAVLAYLWY,HLA-B*35:01,1
IPSINVHHY,CASILERGSSYNEQFF,YYATYRNIFTNTYESNLYIRYDSYTWAVLAYLWY,HLA-B*35:01,1
IPSINVHHY,CASRQLPRDSLYEQYF,YYATYRNIFTNTYESNLYIRYDSYTWAVLAYLWY,HLA-B*35:01,1
IPSINVHHY,CASSIPGLAGQETQYF,YYATYRNIFTNTYESNLYIRYDSYTWAVLAYLWY,HLA-B*35:01,1
IPSINVHHY,CASSLESGHYEQYF,YYATYRNIFTNTYESNLYIRYDSYTWAVLAYLWY,HLA-B*35:01,1
IPSINVHHY,CASSQDPGAAGYGTF,YYATYRNIFTNTYESNLYIRYDSYTWAVLAYLWY,HLA-B*35:01,1
IPSINVHHY,CASSQDWGTSGNNEQFF,YYATYRNIFTNTYESNLYIRYDSYTWAVLAYLWY,HLA-B*35:01,1
IPSINVHHY,CASSRENSNQPQHF,YYATYRNIFTNTYESNLYIRYDSYTWAVLAYLWY,HLA-B*35:01,1
IPSINVHHY,CASSRTGGVDAFF,YYATYRNIFTNTYESNLYIRYDSYTWAVLAYLWY,HLA-B*35:01,1
IPSINVHHY,CASSSETAPNEKLFF,YYATYRNIFTNTYESNLYIRYDSYTWAVLAYLWY,HLA-B*35:01,1
IPSINVHHY,CASSTQGSPDEQYF,YYATYRNIFTNTYESNLYIRYDSYTWAVLAYLWY,HLA-B*35:01,1
IPSINVHHY,CASSYDWHEQFF,YYATYRNIFTNTYESNLYIRYDSYTWAVLAYLWY,HLA-B*35:01,1
IPSINVHHY,CASTTSTAPNEKLFF,YYATYRNIFTNTYESNLYIRYDSYTWAVLAYLWY,HLA-B*35:01,1
IPSINVHHY,CSATGGGEQYF,YYATYRNIFTNTYESNLYIRYDSYTWAVLAYLWY,HLA-B*35:01,1
IPSINVHHY,CSVGQGVVYGYTF,YYATYRNIFTNTYESNLYIRYDSYTWAVLAYLWY,HLA-B*35:01,1
IPSINVHHY,CTARTGSGLAGGNEQFF,YYATYRNIFTNTYESNLYIRYDSYTWAVLAYLWY,HLA-B*35:01,1
IPSINVHHY,CASRSDKYEQYF,YYATYRNIFTNTYESNLYIRYDSYTWAVLAYLWY,HLA-B*35:01,1
AVGSYVYSV,CASSGELRGAEKLFF,YFAMYGEKVAHTHVDTLYVRYHYYTWAVLAYTWY,HLA-A*02:01,1
AVGSYVYSV,CASSVEGVADEQYF,YFAMYGEKVAHTHVDTLYVRYHYYTWAVLAYTWY,HLA-A*02:01,1
AVGSYVYSV,CASSVEGVADTQYF,YFAMYGEKVAHTHVDTLYVRYHYYTWAVLAYTWY,HLA-A*02:01,1
TPQDLNTML,CASNPSWAYSNQPQHF,YYSEYRNIYAQTDESNLYLSYNYYSLAVLAYEWY,HLA-B*81:01,1
TPQDLNTML,CASSLTRGTEAFF,YYSEYRNIYAQTDESNLYLSYNYYSLAVLAYEWY,HLA-B*81:01,1
TPQDLNTML,CASTIGGDWNTEAFF,YYSEYRNIYAQTDESNLYLSYNYYSLAVLAYEWY,HLA-B*81:01,1
TPQDLNTML,CASSLGGWDNGAFF,YYSEYRNIYAQTDESNLYLSYNYYSLAVLAYEWY,HLA-B*81:01,1
TPQDLNTML,CASSLGPEAFF,YYSEYRNIYAQTDESNLYLSYNYYSLAVLAYEWY,HLA-B*81:01,1
TPQDLNTML,CASSLAGNRT,YYSEYRNIYAQTDESNLYLSYNYYSLAVLAYEWY,HLA-B*81:01,1
TPQDLNTML,CASTLGAAPGTY,YYSEYRNIYAQTDESNLYLSYNYYSLAVLAYEWY,HLA-B*81:01,1
TPQDLNTML,CANNPSWAYSNQPQHF,YYSEYRNIYAQTDESNLYLSYNYYSLAVLAYEWY,HLA-B*81:01,1
TPQDLNTML,CASSLPGELFF,YYSEYRNIYAQTDESNLYLSYNYYSLAVLAYEWY,HLA-B*81:01,1
TPQDLNTML,CASKAGGSYNEQFF,YYSEYRNIYAQTDESNLYLSYNYYSLAVLAYEWY,HLA-B*81:01,1
TPQDLNTML,CASSLGYTEAFF,YYSEYRNIYAQTDESNLYLSYNYYSLAVLAYEWY,HLA-B*81:01,1
TPQDLNTML,CASSVASGTSGGGQFF,YYSEYRNIYAQTDESNLYLSYNYYSLAVLAYEWY,HLA-B*81:01,1
TPQDLNTML,CASSLGPGEAFF,YYSEYRNIYAQTDESNLYLSYNYYSLAVLAYEWY,HLA-B*81:01,1
TPQDLNTML,CASRNNYGTEAFF,YYSEYRNIYAQTDESNLYLSYNYYSLAVLAYEWY,HLA-B*81:01,1
TPQDLNTML,CASSLGIGTIY,YYSEYRNIYAQTDESNLYLSYNYYSLAVLAYEWY,HLA-B*81:01,1
TPQDLNTML,CASSLGTTYEAFF,YYSEYRNIYAQTDESNLYLSYNYYSLAVLAYEWY,HLA-B*81:01,1
TPQDLNTML,CAIQTGMNTEAFF,YYSEYRNIYAQTDESNLYLSYNYYSLAVLAYEWY,HLA-B*81:01,1
TPQDLNTML,CASSLGVGGGQPQHF,YYSEYRNIYAQTDESNLYLSYNYYSLAVLAYEWY,HLA-B*81:01,1
TPQDLNTML,CASSLGYGEAFF,YYSEYRNIYAQTDESNLYLSYNYYSLAVLAYEWY,HLA-B*81:01,1
TPQDLNTML,CASSLAFGTGAGELFF,YYSEYRNIYAQTDESNLYLSYNYYSLAVLAYEWY,HLA-B*81:01,1
TPQDLNTML,CASSVLGGYTF,YYSEYRNIYAQTDESNLYLSYNYYSLAVLAYEWY,HLA-B*81:01,1
TPQDLNTML,CASSGQETQYF,YYSEYRNIYAQTDESNLYLSYNYYSLAVLAYEWY,HLA-B*81:01,1
TPQDLNTML,CASRDPAKNIQYF,YYSEYRNIYAQTDESNLYLSYNYYSLAVLAYEWY,HLA-B*81:01,1
TPQDLNTML,CASKAGPNIQYF,YYSEYRNIYAQTDESNLYLSYNYYSLAVLAYEWY,HLA-B*81:01,1
TPQDLNTML,CASSLDPRGRAKNIQYF,YYSEYRNIYAQTDESNLYLSYNYYSLAVLAYEWY,HLA-B*81:01,1
TPQDLNTML,CASRQGLGEAFF,YYSEYRNIYAQTDESNLYLSYNYYSLAVLAYEWY,HLA-B*81:01,1
TPQDLNTML,CASSFQGGSRHAFF,YYSEYRNIYAQTDESNLYLSYNYYSLAVLAYEWY,HLA-B*81:01,1
TPQDLNTML,CASSLGREGTF,YYSEYRNIYAQTDESNLYLSYNYYSLAVLAYEWY,HLA-B*81:01,1
TPQDLNTML,CASSSLGRPLD,YYSEYRNIYAQTDESNLYLSYNYYSLAVLAYEWY,HLA-B*81:01,1
TPQDLNTML,CASSLEIGTGNSPLHF,YYSEYRNIYAQTDESNLYLSYNYYSLAVLAYEWY,HLA-B*81:01,1
TPQDLNTML,CASSLGQLNEQFF,YYSEYRNIYAQTDESNLYLSYNYYSLAVLAYEWY,HLA-B*81:01,1
TPQDLNTML,CASNLQGLAEGPQFF,YYSEYRNIYAQTDESNLYLSYNYYSLAVLAYEWY,HLA-B*81:01,1
TPQDLNTML,CASSLNRGTDTQYF,YYSEYRNIYAQTDESNLYLSYNYYSLAVLAYEWY,HLA-B*81:01,1
TPQDLNTML,CASRISGGRETQYF,YYSEYRNIYAQTDESNLYLSYNYYSLAVLAYEWY,HLA-B*81:01,1
TPQDLNTML,CASILSCQSPGEKLF,YYSEYRNIYAQTDESNLYLSYNYYSLAVLAYEWY,HLA-B*81:01,1
TPQDLNTML,CASNLQGLAGGPQFF,YYSEYRNIYAQTDESNLYLSYNYYSLAVLAYEWY,HLA-B*81:01,1
TPQDLNTML,CASRQGPYEQYF,YYSEYRNIYAQTDESNLYLSYNYYSLAVLAYEWY,HLA-B*81:01,1
TPQDLNTML,CASSVNSGFEAFF,YYSEYRNIYAQTDESNLYLSYNYYSLAVLAYEWY,HLA-B*81:01,1
TPQDLNTML,CASSLSSLGEAFF,YYSEYRNIYAQTDESNLYLSYNYYSLAVLAYEWY,HLA-B*81:01,1
TPQDLNTML,CASSLRTPGQALRNEKLFF,YYSEYRNIYAQTDESNLYLSYNYYSLAVLAYEWY,HLA-B*81:01,1
TPQDLNTML,CASSLGQLREAFF,YYSEYRNIYAQTDESNLYLSYNYYSLAVLAYEWY,HLA-B*81:01,1
TPQDLNTML,CASSFGAINEAFF,YYSEYRNIYAQTDESNLYLSYNYYSLAVLAYEWY,HLA-B*81:01,1
TPQDLNTML,CASSQGSLSEAFF,YYSEYRNIYAQTDESNLYLSYNYYSLAVLAYEWY,HLA-B*81:01,1
TPQDLNTML,CSARDQAREGTYNEQFF,YYSEYRNIYAQTDESNLYLSYNYYSLAVLAYEWY,HLA-B*81:01,1
TPQDLNTML,CASSLGGLNTIYF,YYSEYRNIYAQTDESNLYLSYNYYSLAVLAYEWY,HLA-B*81:01,1
TPQDLNTML,CASSLGGERRWAFF,YYSEYRNIYAQTDESNLYLSYNYYSLAVLAYEWY,HLA-B*81:01,1
TPQDLNTML,CASSSRRRGMNTEAFF,YYSEYRNIYAQTDESNLYLSYNYYTWAVDAYTWY,HLA-B*42:01,1
TPQDLNTML,CASPTHFLKNTGELFF,YYSEYRNIYAQTDESNLYLSYNYYTWAVDAYTWY,HLA-B*42:01,1
TPQDLNTML,CASSFTGTSGPQETQYF,YYSEYRNIYAQTDESNLYLSYNYYTWAVDAYTWY,HLA-B*42:01,1
TPQDLNTML,CASRGETYMNTEAFF,YYSEYRNIYAQTDESNLYLSYNYYTWAVDAYTWY,HLA-B*42:01,1
TPQDLNTML,CASALGGDEQFF,YYSEYRNIYAQTDESNLYLSYNYYTWAVDAYTWY,HLA-B*42:01,1
TPQDLNTML,CASSLGLNTIYF,YYSEYRNIYAQTDESNLYLSYNYYTWAVDAYTWY,HLA-B*42:01,1
TPQDLNTML,CASSLGASYEQYF,YYSEYRNIYAQTDESNLYLSYNYYTWAVDAYTWY,HLA-B*42:01,1
TPQDLNTML,CASSFSKNTEAFF,YYSEYRNIYAQTDESNLYLSYNYYTWAVDAYTWY,HLA-B*42:01,1
TPQDLNTML,CACSFSKNTEAFF,YYSEYRNIYAQTDESNLYLSYNYYTWAVDAYTWY,HLA-B*42:01,1
TPQDLNTML,CASSFSKNAEAFF,YYSEYRNIYAQTDESNLYLSYNYYTWAVDAYTWY,HLA-B*42:01,1
TPQDLNTML,CASSQEGGGGGQPQHF,YYSEYRNIYAQTDESNLYLSYNYYTWAVDAYTWY,HLA-B*42:01,1
TPQDLNTML,CASSLGLSGRWAFF,YYSEYRNIYAQTDESNLYLSYNYYTWAVDAYTWY,HLA-B*42:01,1
TPQDLNTML,CASSHSKNTEAFF,YYSEYRNIYAQTDESNLYLSYNYYTWAVDAYTWY,HLA-B*42:01,1
TPQDLNTML,CASSSRDPIPSGYTF,YYSEYRNIYAQTDESNLYLSYNYYTWAVDAYTWY,HLA-B*42:01,1
TPQDLNTML,CATREPNTGELFF,YYSEYRNIYAQTDESNLYLSYNYYTWAVDAYTWY,HLA-B*42:01,1
TPQDLNTML,CASSPVGGSAYEQYF,YYSEYRNIYAQTDESNLYLSYNYYTWAVDAYTWY,HLA-B*42:01,1
TPQDLNTML,CSARVTSPYEQYF,YYSEYRNIYAQTDESNLYLSYNYYTWAVDAYTWY,HLA-B*42:01,1
KRWIILGLNK,CASSLYGEYEQYF,YHTEYREICAKTYENTAYLNYHDYTWAVLAYEWY,HLA-B*27,1
KRWIILGLNK,CASSQGTTDTQYF,YHTEYREICAKTYENTAYLNYHDYTWAVLAYEWY,HLA-B*27,1
KRWIILGLNK,CASSIAGGGEDTQYF,YHTEYREICAKTYENTAYLNYHDYTWAVLAYEWY,HLA-B*27,1
KRWIILGLNK,CASRKGQGDWEAFF,YHTEYREICAKTYENTAYLNYHDYTWAVLAYEWY,HLA-B*27,1
KRWIILGLNK,CSARGWVSNNQETQYF,YHTEYREICAKTYENTAYLNYHDYTWAVLAYEWY,HLA-B*27,1
KRWIILGLNK,CASSQWTGELFF,YHTEYREICAKTYENTAYLNYHDYTWAVLAYEWY,HLA-B*27,1
RAQAPPPSW,CASRAGGGVETQYF,YYAMYGENMASTYENIAYIVYDSYTWAVLAYLWY,HLA-B*57:01,1
RAQAPPPSW,CASKAGGGVETQYF,YYAMYGENMASTYENIAYIVYDSYTWAVLAYLWY,HLA-B*57:01,1
RAQAPPPSW,CASSFPGQGNTQYF,YYAMYGENMASTYENIAYIVYDSYTWAVLAYLWY,HLA-B*57:01,1
RAQAPPPSW,CASSAGGGVETQYF,YYAMYGENMASTYENIAYIVYDSYTWAVLAYLWY,HLA-B*57:01,1
RAQAPPPSW,CANKAGGGVETQYF,YYAMYGENMASTYENIAYIVYDSYTWAVLAYLWY,HLA-B*57:01,1
RAQAPPPSW,CASNAGGGVETQYF,YYAMYGENMASTYENIAYIVYDSYTWAVLAYLWY,HLA-B*57:01,1
RAQAPPPSW,CATSDSPTDTQYF,YYAMYGENMASTYENIAYIVYDSYTWAVLAYLWY,HLA-B*57:01,1
RAQAPPPSW,CASSSSLVVEQYF,YYAMYGENMASTYENIAYIVYDSYTWAVLAYLWY,HLA-B*57:01,1
RAQAPPPSW,CASSHSGGSGGQPQHF,YYAMYGENMASTYENIAYIVYDSYTWAVLAYLWY,HLA-B*57:01,1
RAQAPPPSW,CAISVSVVRDSEAFF,YYAMYGENMASTYENIAYIVYDSYTWAVLAYLWY,HLA-B*57:01,1
RAQAPPPSW,CASSLYDRITDTQYF,YYAMYGENMASTYENIAYIVYDSYTWAVLAYLWY,HLA-B*57:01,1
IPSINVHHY,CASSTGSAPNEKLFF,YYATYRNIFTNTYESNLYIRYDSYTWAVLAYLWY,HLA-B*35:01,1
IPSINVHHY,CASSSGTGPNEKLFF,YYATYRNIFTNTYESNLYIRYDSYTWAVLAYLWY,HLA-B*35:01,1
IPSINVHHY,CASSSGTAPNEKLFF,YYATYRNIFTNTYESNLYIRYDSYTWAVLAYLWY,HLA-B*35:01,1
IPSINVHHY,CASTSGTGPNEKLFF,YYATYRNIFTNTYESNLYIRYDSYTWAVLAYLWY,HLA-B*35:01,1
IPSINVHHY,CASSPGTGPNEKLFF,YYATYRNIFTNTYESNLYIRYDSYTWAVLAYLWY,HLA-B*35:01,1
IPSINVHHY,CASTPGTGPNEKLFF,YYATYRNIFTNTYESNLYIRYDSYTWAVLAYLWY,HLA-B*35:01,1
IPSINVHHY,CASSPPTAPNEKLFF,YYATYRNIFTNTYESNLYIRYDSYTWAVLAYLWY,HLA-B*35:01,1
IPSINVHHY,CASSPGTAPNEKLFF,YYATYRNIFTNTYESNLYIRYDSYTWAVLAYLWY,HLA-B*35:01,1
IPSINVHHY,CASSLPSGPNEKLFF,YYATYRNIFTNTYESNLYIRYDSYTWAVLAYLWY,HLA-B*35:01,1
IPSINVHHY,CASSLASTPNEKLFF,YYATYRNIFTNTYESNLYIRYDSYTWAVLAYLWY,HLA-B*35:01,1
IPSINVHHY,CASSPGTEPNEKLFF,YYATYRNIFTNTYESNLYIRYDSYTWAVLAYLWY,HLA-B*35:01,1
IPSINVHHY,CASSPSSGPNEKLFF,YYATYRNIFTNTYESNLYIRYDSYTWAVLAYLWY,HLA-B*35:01,1
IPSINVHHY,CASSPTTAPNEKLFF,YYATYRNIFTNTYESNLYIRYDSYTWAVLAYLWY,HLA-B*35:01,1
IPSINVHHY,CASSLSTAPNEKLFF,YYATYRNIFTNTYESNLYIRYDSYTWAVLAYLWY,HLA-B*35:01,1
IPSINVHHY,CASTPQTAPNEKLFF,YYATYRNIFTNTYESNLYIRYDSYTWAVLAYLWY,HLA-B*35:01,1
IPSINVHHY,CASSPSREPNEKLFF,YYATYRNIFTNTYESNLYIRYDSYTWAVLAYLWY,HLA-B*35:01,1
IPSINVHHY,CASSAETGPNEKLFF,YYATYRNIFTNTYESNLYIRYDSYTWAVLAYLWY,HLA-B*35:01,1
IPSINVHHY,CASSASDSPNEKLFF,YYATYRNIFTNTYESNLYIRYDSYTWAVLAYLWY,HLA-B*35:01,1
IPSINVHHY,CASSPPANPNEKLFF,YYATYRNIFTNTYESNLYIRYDSYTWAVLAYLWY,HLA-B*35:01,1
IPSINVHHY,CATSTGETPNEKLFF,YYATYRNIFTNTYESNLYIRYDSYTWAVLAYLWY,HLA-B*35:01,1
KLYGLDWAEL,CASRPSRGTNYGYTF,YFAMYGEKVAHTHVDTLYVRYHYYTWAVLAYTWY,HLA-A*02:01,1
KLYGLDWAEL,CASSERGMVEAFF,YFAMYGEKVAHTHVDTLYVRYHYYTWAVLAYTWY,HLA-A*02:01,1
KLYGLDWAEL,CASSPRNLGPSGSYEQYF,YFAMYGEKVAHTHVDTLYVRYHYYTWAVLAYTWY,HLA-A*02:01,1
CYTWNQMNL,CASSLESGFLSGYTF,YSAMYEEKVAHTDENIAYLMFHYYTWAVQAYTGY,HLA-A*24:02,1
RIAAWMATY,CASSPGGGASYEQYF,YFAMYQENVAQTDVDTLYIIYRDYTWAELAYTWY,HLA-A*03:01,1
MLDLQPETT,CASSNKVADTQYF,YFAMYGEKVAHTHVDTLYVRYHYYTWAVLAYTWY,HLA-A*02:01,1
MLDLQPETT,CASSTPRGGYTF,YFAMYGEKVAHTHVDTLYVRYHYYTWAVLAYTWY,HLA-A*02:01,1
IPSINVHHY,CSVVTFYYEQYF,YYATYRNIFTNTYESNLYIRYDSYTWAVLAYLWY,HLA-B*35:01,1
CYTWNQMNL,CASRFRTLQETQYF,YSAMYEEKVAHTDENIAYLMFHYYTWAVQAYTGY,HLA-A*24:02,1
MLDLQPETT,CASSYGTSGYNEQFF,YFAMYGEKVAHTHVDTLYVRYHYYTWAVLAYTWY,HLA-A*02:01,1
CYTWNQMNL,CASSQRGGVYNSPLHF,YSAMYEEKVAHTDENIAYLMFHYYTWAVQAYTGY,HLA-A*24:02,1
MLDLQPETT,CAISGAGLRYNSPLHF,YFAMYGEKVAHTHVDTLYVRYHYYTWAVLAYTWY,HLA-A*02:01,1
MLDLQPETT,CASSLLAHTGELFF,YFAMYGEKVAHTHVDTLYVRYHYYTWAVLAYTWY,HLA-A*02:01,1
CYTWNQMNL,CASSFGTGAGGELFF,YSAMYEEKVAHTDENIAYLMFHYYTWAVQAYTGY,HLA-A*24:02,1
CYTWNQMNL,CASSYLLTGTSRQETQYF,YSAMYEEKVAHTDENIAYLMFHYYTWAVQAYTGY,HLA-A*24:02,1
MLDLQPETT,CASSPGVRANVLTF,YFAMYGEKVAHTHVDTLYVRYHYYTWAVLAYTWY,HLA-A*02:01,1
IPSINVHHY,CSVESGRTDEQYF,YYATYRNIFTNTYESNLYIRYDSYTWAVLAYLWY,HLA-B*35:01,1
MLDLQPETT,CASSRRGRITDTQYF,YFAMYGEKVAHTHVDTLYVRYHYYTWAVLAYTWY,HLA-A*02:01,1
CYTWNQMNL,CASSLLAGQETQYF,YSAMYEEKVAHTDENIAYLMFHYYTWAVQAYTGY,HLA-A*24:02,1
MLDLQPETT,CASSPRDRTGGYTF,YFAMYGEKVAHTHVDTLYVRYHYYTWAVLAYTWY,HLA-A*02:01,1
MLDLQPETT,CASSLYVSYPKNTIYF,YFAMYGEKVAHTHVDTLYVRYHYYTWAVLAYTWY,HLA-A*02:01,1
MLDLQPETT,CASSPTGGRYGYTF,YFAMYGEKVAHTHVDTLYVRYHYYTWAVLAYTWY,HLA-A*02:01,1
CYTWNQMNL,CASSQGTGQGETQYF,YSAMYEEKVAHTDENIAYLMFHYYTWAVQAYTGY,HLA-A*24:02,1
MLDLQPETT,CASGARPQETQYF,YFAMYGEKVAHTHVDTLYVRYHYYTWAVLAYTWY,HLA-A*02:01,1
CYTWNQMNL,CAIRDVSSTDTQYF,YSAMYEEKVAHTDENIAYLMFHYYTWAVQAYTGY,HLA-A*24:02,1
CYTWNQMNL,CASSQDGGDETPNTEAFF,YSAMYEEKVAHTDENIAYLMFHYYTWAVQAYTGY,HLA-A*24:02,1
CYTWNQMNL,CASSRRWGQGTWRGYEQYF,YSAMYEEKVAHTDENIAYLMFHYYTWAVQAYTGY,HLA-A*24:02,1
CYTWNQMNL,CASSLSVIAGGRETQYF,YSAMYEEKVAHTDENIAYLMFHYYTWAVQAYTGY,HLA-A*24:02,1
IPSINVHHY,CASSLANTGELFF,YYATYRNIFTNTYESNLYIRYDSYTWAVLAYLWY,HLA-B*35:01,1
MLDLQPETT,CASSTTGGSGYTF,YFAMYGEKVAHTHVDTLYVRYHYYTWAVLAYTWY,HLA-A*02:01,1
MLDLQPETT,CASSSPRGLEYF,YFAMYGEKVAHTHVDTLYVRYHYYTWAVLAYTWY,HLA-A*02:01,1
IPSINVHHY,CSVEGSEDYGYTF,YYATYRNIFTNTYESNLYIRYDSYTWAVLAYLWY,HLA-B*35:01,1
MLDLQPETT,CASSLSVRGSTEAFF,YFAMYGEKVAHTHVDTLYVRYHYYTWAVLAYTWY,HLA-A*02:01,1
CYTWNQMNL,CASSHWHGTVLNQPQHF,YSAMYEEKVAHTDENIAYLMFHYYTWAVQAYTGY,HLA-A*24:02,1
IPSINVHHY,CSVEWLNNEQFF,YYATYRNIFTNTYESNLYIRYDSYTWAVLAYLWY,HLA-B*35:01,1
CYTWNQMNL,CASSSDTGELFF,YSAMYEEKVAHTDENIAYLMFHYYTWAVQAYTGY,HLA-A*24:02,1
IPSINVHHY,CASSLELGLAEAFF,YYATYRNIFTNTYESNLYIRYDSYTWAVLAYLWY,HLA-B*35:01,1
CYTWNQMNL,CASRPGTGGNTEAFF,YSAMYEEKVAHTDENIAYLMFHYYTWAVQAYTGY,HLA-A*24:02,1
KLQCVDLHV,CASSFRGPNLYTEAFF,YFAMYGEKVAHTHVDTLYVRYHYYTWAVLAYTWY,HLA-A*02:01,1
IPSINVHHY,CASSYPFGGAWDEQFF,YYATYRNIFTNTYESNLYIRYDSYTWAVLAYLWY,HLA-B*35:01,1
IPSINVHHY,CASSLFTDNRDGYTF,YYATYRNIFTNTYESNLYIRYDSYTWAVLAYLWY,HLA-B*35:01,1
IPSINVHHY,CASSYATAYEQYF,YYATYRNIFTNTYESNLYIRYDSYTWAVLAYLWY,HLA-B*35:01,1
IPSINVHHY,CSAQPGQENIQYF,YYATYRNIFTNTYESNLYIRYDSYTWAVLAYLWY,HLA-B*35:01,1
IPSINVHHY,CASSLFTDRRDGYTF,YYATYRNIFTNTYESNLYIRYDSYTWAVLAYLWY,HLA-B*35:01,1
IPSINVHHY,CASNGQGARDGYTF,YYATYRNIFTNTYESNLYIRYDSYTWAVLAYLWY,HLA-B*35:01,1
IPSINVHHY,CASGRTGSEAFF,YYATYRNIFTNTYESNLYIRYDSYTWAVLAYLWY,HLA-B*35:01,1
IPSINVHHY,CASSQGLAEWDEQFF,YYATYRNIFTNTYESNLYIRYDSYTWAVLAYLWY,HLA-B*35:01,1
IPSINVHHY,CASSLALDEAFF,YYATYRNIFTNTYESNLYIRYDSYTWAVLAYLWY,HLA-B*35:01,1
KRWIILGLNK,CASSTGLAGGKEQYF,YHTEYREICAKTYENTAYLNYHDYTWAVLAYEWY,HLA-B*27,1
KRWIILGLNK,CASSRRTGELFF,YHTEYREICAKTYENTAYLNYHDYTWAVLAYEWY,HLA-B*27,1
KRWIILGLNK,CASSQGATSQTQYF,YHTEYREICAKTYENTAYLNYHDYTWAVLAYEWY,HLA-B*27,1
KRWIILGLNK,CASSQGTSDYEQYF,YHTEYREICAKTYENTAYLNYHDYTWAVLAYEWY,HLA-B*27,1
KRWIILGLNK,CASGFGGTEAFF,YHTEYREICAKTYENTAYLNYHDYTWAVLAYEWY,HLA-B*27,1
KRWIILGLNK,CASAITGGSSAEQYF,YHTEYREICAKTYENTAYLNYHDYTWAVLAYEWY,HLA-B*27,1
KRWIILGLNK,CSAREGQGSIEQYF,YHTEYREICAKTYENTAYLNYHDYTWAVLAYEWY,HLA-B*27,1
KRWIILGLNK,CASSPDVGGAFFYGYTF,YHTEYREICAKTYENTAYLNYHDYTWAVLAYEWY,HLA-B*27,1
KRWIILGLNK,CASSLFQTEAFF,YHTEYREICAKTYENTAYLNYHDYTWAVLAYEWY,HLA-B*27,1
KRWIILGLNK,CASSSRTGELFF,YHTEYREICAKTYENTAYLNYHDYTWAVLAYEWY,HLA-B*27,1
KRWIILGLNK,CATAERTGELFF,YHTEYREICAKTYENTAYLNYHDYTWAVLAYEWY,HLA-B*27,1
KRWIILGLNK,CASSVVSDNEQFF,YHTEYREICAKTYENTAYLNYHDYTWAVLAYEWY,HLA-B*27,1
KRWIILGLNK,CASSVGRDGNNEQFF,YHTEYREICAKTYENTAYLNYHDYTWAVLAYEWY,HLA-B*27,1
KRWIILGLNK,CASSQVRTWELFF,YHTEYREICAKTYENTAYLNYHDYTWAVLAYEWY,HLA-B*27,1
KRWIILGLNK,CASSLYFPNTEAFF,YHTEYREICAKTYENTAYLNYHDYTWAVLAYEWY,HLA-B*27,1
KRWIILGLNK,CASRPGQGALEQYF,YHTEYREICAKTYENTAYLNYHDYTWAVLAYEWY,HLA-B*27,1
KRWIILGLNK,CASSQGLWGDIQYF,YHTEYREICAKTYENTAYLNYHDYTWAVLAYEWY,HLA-B*27,1
KRWIILGLNK,CASSPPGGENSPLHF,YHTEYREICAKTYENTAYLNYHDYTWAVLAYEWY,HLA-B*27,1
KRWIILGLNK,CASATGIFNNEQFF,YHTEYREICAKTYENTAYLNYHDYTWAVLAYEWY,HLA-B*27,1
KRWIILGLNK,CASSPGQGILNTEAFF,YHTEYREICAKTYENTAYLNYHDYTWAVLAYEWY,HLA-B*27,1
KRWIILGLNK,CASSLKAGWNNEQFF,YHTEYREICAKTYENTAYLNYHDYTWAVLAYEWY,HLA-B*27,1
KRWIILGLNK,CASSQGVSSYEQYF,YHTEYREICAKTYENTAYLNYHDYTWAVLAYEWY,HLA-B*27,1
KRWIILGLNK,CASRTGTGETGELFF,YHTEYREICAKTYENTAYLNYHDYTWAVLAYEWY,HLA-B*27,1
KRWIILGLNK,CASSSGLAGGREQYF,YHTEYREICAKTYENTAYLNYHDYTWAVLAYEWY,HLA-B*27,1
KRWIILGLNK,CASSQGQFSIEQYF,YHTEYREICAKTYENTAYLNYHDYTWAVLAYEWY,HLA-B*27,1
KRWIILGLNK,CASSWTSGSYNEQFF,YHTEYREICAKTYENTAYLNYHDYTWAVLAYEWY,HLA-B*27,1
KRWIILGLNK,CASSEGQVSGNTIYF,YHTEYREICAKTYENTAYLNYHDYTWAVLAYEWY,HLA-B*27,1
KRWIILGLNK,CATSPGRTSYEQYF,YHTEYREICAKTYENTAYLNYHDYTWAVLAYEWY,HLA-B*27,1
KRWIILGLNK,CASRVSYEQYF,YHTEYREICAKTYENTAYLNYHDYTWAVLAYEWY,HLA-B*27,1
KRWIILGLNK,CASSPPGAGGLEQYF,YHTEYREICAKTYENTAYLNYHDYTWAVLAYEWY,HLA-B*27,1
KRWIILGLNK,CASSLLGGHNEQFF,YHTEYREICAKTYENTAYLNYHDYTWAVLAYEWY,HLA-B*27,1
KRWIILGLNK,CASRAGQDSYEQYF,YHTEYREICAKTYENTAYLNYHDYTWAVLAYEWY,HLA-B*27,1
KRWIILGLNK,CASSYAGTGNEQYF,YHTEYREICAKTYENTAYLNYHDYTWAVLAYEWY,HLA-B*27,1
KRWIILGLNK,CASSLGATYEQYF,YHTEYREICAKTYENTAYLNYHDYTWAVLAYEWY,HLA-B*27,1
KRWIILGLNK,CASSGQGADTIYF,YHTEYREICAKTYENTAYLNYHDYTWAVLAYEWY,HLA-B*27,1
KRWIILGLNK,CATAPGGPYEQYF,YHTEYREICAKTYENTAYLNYHDYTWAVLAYEWY,HLA-B*27,1
KRWIILGLNK,CATSKTGLEAFF,YHTEYREICAKTYENTAYLNYHDYTWAVLAYEWY,HLA-B*27,1
KRWIILGLNK,CASSQGVHRDANQPQHF,YHTEYREICAKTYENTAYLNYHDYTWAVLAYEWY,HLA-B*27,1
KRWIILGLNK,CSARDRVLVTEAFF,YHTEYREICAKTYENTAYLNYHDYTWAVLAYEWY,HLA-B*27,1
KRWIILGLNK,CAAGGHNDLDTQYF,YHTEYREICAKTYENTAYLNYHDYTWAVLAYEWY,HLA-B*27,1
KRWIILGLNK,CASSALESYEQYF,YHTEYREICAKTYENTAYLNYHDYTWAVLAYEWY,HLA-B*27,1
KRWIILGLNK,CASSQGVPGGDTQYF,YHTEYREICAKTYENTAYLNYHDYTWAVLAYEWY,HLA-B*27,1
KRWIILGLNK,CASRPGRGATNEKLFF,YHTEYREICAKTYENTAYLNYHDYTWAVLAYEWY,HLA-B*27,1
KRWIILGLNK,CSASGREQGANVIHEQYF,YHTEYREICAKTYENTAYLNYHDYTWAVLAYEWY,HLA-B*27,1
KRWIILGLNK,CASSLSPNTEAFF,YHTEYREICAKTYENTAYLNYHDYTWAVLAYEWY,HLA-B*27,1
KRWIILGLNK,CASSQDLSGGTGELFF,YHTEYREICAKTYENTAYLNYHDYTWAVLAYEWY,HLA-B*27,1
KRWIILGLNK,CASSNSGGSSNQPQHF,YHTEYREICAKTYENTAYLNYHDYTWAVLAYEWY,HLA-B*27,1
KRWIILGLNK,CASSPGPNQPQHF,YHTEYREICAKTYENTAYLNYHDYTWAVLAYEWY,HLA-B*27,1
KRWIILGLNK,CASSLAGGVDIQYF,YHTEYREICAKTYENTAYLNYHDYTWAVLAYEWY,HLA-B*27,1
KRWIILGLNK,CAINSDRGEQYF,YHTEYREICAKTYENTAYLNYHDYTWAVLAYEWY,HLA-B*27,1
KRWIILGLNK,CSARAPGTKQFF,YHTEYREICAKTYENTAYLNYHDYTWAVLAYEWY,HLA-B*27,1
KRWIILGLNK,CSAREPDRGFYEQYF,YHTEYREICAKTYENTAYLNYHDYTWAVLAYEWY,HLA-B*27,1
KRWIILGLNK,CASGKMNTEAFF,YHTEYREICAKTYENTAYLNYHDYTWAVLAYEWY,HLA-B*27,1
KRWIILGLNK,CSVFSGTSSYEQYF,YHTEYREICAKTYENTAYLNYHDYTWAVLAYEWY,HLA-B*27,1
KRWIILGLNK,CASSHLIAASTDTQYF,YHTEYREICAKTYENTAYLNYHDYTWAVLAYEWY,HLA-B*27,1
KRWIILGLNK,CASSVAGAGGDEQFF,YHTEYREICAKTYENTAYLNYHDYTWAVLAYEWY,HLA-B*27,1
KRWIILGLNK,CASSVAWGDEQYF,YHTEYREICAKTYENTAYLNYHDYTWAVLAYEWY,HLA-B*27,1
KRWIILGLNK,CASSPGQFAYEQYF,YHTEYREICAKTYENTAYLNYHDYTWAVLAYEWY,HLA-B*27,1
KRWIILGLNK,CASGTGDNEQFF,YHTEYREICAKTYENTAYLNYHDYTWAVLAYEWY,HLA-B*27,1
KRWIILGLNK,CASSLGLAGTHNEQFF,YHTEYREICAKTYENTAYLNYHDYTWAVLAYEWY,HLA-B*27,1
KRWIILGLNK,CASSAQTGFLFF,YHTEYREICAKTYENTAYLNYHDYTWAVLAYEWY,HLA-B*27,1
KRWIILGLNK,CASNDPTSEQYF,YHTEYREICAKTYENTAYLNYHDYTWAVLAYEWY,HLA-B*27,1
KRWIILGLNK,CSAAFRGLTGHYEQYF,YHTEYREICAKTYENTAYLNYHDYTWAVLAYEWY,HLA-B*27,1
KRWIILGLNK,CASSPGTLSTEAFF,YHTEYREICAKTYENTAYLNYHDYTWAVLAYEWY,HLA-B*27,1
KRWIILGLNK,CASSPGQLGNTIYF,YHTEYREICAKTYENTAYLNYHDYTWAVLAYEWY,HLA-B*27,1
KRWIILGLNK,CASSQGLFGAEAFF,YHTEYREICAKTYENTAYLNYHDYTWAVLAYEWY,HLA-B*27,1
KRWIILGLNK,CASSQRTGELFF,YHTEYREICAKTYENTAYLNYHDYTWAVLAYEWY,HLA-B*27,1
KRWIILGLNK,CASSLDRDEQFF,YHTEYREICAKTYENTAYLNYHDYTWAVLAYEWY,HLA-B*27,1
KRWIILGLNK,CASSYDRDEQFF,YHTEYREICAKTYENTAYLNYHDYTWAVLAYEWY,HLA-B*27,1
KRWIILGLNK,CASSPGLNPHEQYF,YHTEYREICAKTYENTAYLNYHDYTWAVLAYEWY,HLA-B*27,1
KRWIILGLNK,CASSQGRLAGGAPGEQYF,YHTEYREICAKTYENTAYLNYHDYTWAVLAYEWY,HLA-B*27,1
KRWIILGLNK,CASSPGRLSHEQFF,YHTEYREICAKTYENTAYLNYHDYTWAVLAYEWY,HLA-B*27,1
KRWIILGLNK,CSARVEGGLAYEQYF,YHTEYREICAKTYENTAYLNYHDYTWAVLAYEWY,HLA-B*27,1
KRWIILGLNK,CASSSDRDEQYF,YHTEYREICAKTYENTAYLNYHDYTWAVLAYEWY,HLA-B*27,1
KRWIILGLNK,CASSEYTNTGELFF,YHTEYREICAKTYENTAYLNYHDYTWAVLAYEWY,HLA-B*27,1
KRWIILGLNK,CASSRDSYEQYF,YHTEYREICAKTYENTAYLNYHDYTWAVLAYEWY,HLA-B*27,1
KRWIILGLNK,CASSGTGGAWIYGYTF,YHTEYREICAKTYENTAYLNYHDYTWAVLAYEWY,HLA-B*27,1
KRWIILGLNK,CASSQGRDGYGYTF,YHTEYREICAKTYENTAYLNYHDYTWAVLAYEWY,HLA-B*27,1
KRWIILGLNK,CASRPGQGASEAFF,YHTEYREICAKTYENTAYLNYHDYTWAVLAYEWY,HLA-B*27,1
KRWIILGLNK,CASSQGQASAEAFF,YHTEYREICAKTYENTAYLNYHDYTWAVLAYEWY,HLA-B*27,1
KRWIILGLNK,CASSMTSGVMHEQFF,YHTEYREICAKTYENTAYLNYHDYTWAVLAYEWY,HLA-B*27,1
KRWIILGLNK,CASSSGLAGGSEQYF,YHTEYREICAKTYENTAYLNYHDYTWAVLAYEWY,HLA-B*27,1
KRWIILGLNK,CASSQGQASTEAFF,YHTEYREICAKTYENTAYLNYHDYTWAVLAYEWY,HLA-B*27,1
KRWIILGLNK,CASTLSGTQYF,YHTEYREICAKTYENTAYLNYHDYTWAVLAYEWY,HLA-B*27,1
KRWIILGLNK,CASSLMGYEQYF,YHTEYREICAKTYENTAYLNYHDYTWAVLAYEWY,HLA-B*27,1
KRWIILGLNK,CASSLRGDYNEQFF,YHTEYREICAKTYENTAYLNYHDYTWAVLAYEWY,HLA-B*27,1
KRWIILGLNK,CASSSESQEQYF,YHTEYREICAKTYENTAYLNYHDYTWAVLAYEWY,HLA-B*27,1
KRWIILGLNK,CASSLVLGIEQYF,YHTEYREICAKTYENTAYLNYHDYTWAVLAYEWY,HLA-B*27,1
KRWIILGLNK,CASTPGVFDTEAFF,YHTEYREICAKTYENTAYLNYHDYTWAVLAYEWY,HLA-B*27,1
KRWIILGLNK,CASSSRQNTEAFF,YHTEYREICAKTYENTAYLNYHDYTWAVLAYEWY,HLA-B*27,1
KRWIILGLNK,CASSPMGGVTEAFF,YHTEYREICAKTYENTAYLNYHDYTWAVLAYEWY,HLA-B*27,1
KRWIILGLNK,CASSQGYSGAQQYF,YHTEYREICAKTYENTAYLNYHDYTWAVLAYEWY,HLA-B*27,1
KRWIILGLNK,CASSAGISAYEQYF,YHTEYREICAKTYENTAYLNYHDYTWAVLAYEWY,HLA-B*27,1
KRWIILGLNK,CASSPGQVAYEQYF,YHTEYREICAKTYENTAYLNYHDYTWAVLAYEWY,HLA-B*27,1
KRWIILGLNK,CSARARSDSYGYTF,YHTEYREICAKTYENTAYLNYHDYTWAVLAYEWY,HLA-B*27,1
KRWIILGLNK,CSAREGVAGALYEQYF,YHTEYREICAKTYENTAYLNYHDYTWAVLAYEWY,HLA-B*27,1
KRWIILGLNK,CASSLDSYEQYF,YHTEYREICAKTYENTAYLNYHDYTWAVLAYEWY,HLA-B*27,1
KRWIILGLNK,CASSPGQLANEQFF,YHTEYREICAKTYENTAYLNYHDYTWAVLAYEWY,HLA-B*27,1
KRWIILGLNK,CASKNRPTGNTIYF,YHTEYREICAKTYENTAYLNYHDYTWAVLAYEWY,HLA-B*27,1
KRWIILGLNK,CASSQGVLAYEQYF,YHTEYREICAKTYENTAYLNYHDYTWAVLAYEWY,HLA-B*27,1
KRWIILGLNK,CASSQGQFGNEQFF,YHTEYREICAKTYENTAYLNYHDYTWAVLAYEWY,HLA-B*27,1
KRWIILGLNK,CASSLYGGQHQPQHF,YHTEYREICAKTYENTAYLNYHDYTWAVLAYEWY,HLA-B*27,1
KRWIILGLNK,CASSLDRGEQFF,YHTEYREICAKTYENTAYLNYHDYTWAVLAYEWY,HLA-B*27,1
KRWIILGLNK,CASSQDPGAAYEQYF,YHTEYREICAKTYENTAYLNYHDYTWAVLAYEWY,HLA-B*27,1
KRWIILGLNK,CSARDQAGEGEQFF,YHTEYREICAKTYENTAYLNYHDYTWAVLAYEWY,HLA-B*27,1
KRWIILGLNK,CASSPGQDGYGYTF,YHTEYREICAKTYENTAYLNYHDYTWAVLAYEWY,HLA-B*27,1
KRWIILGLNK,CASSLAPGTTNEKLFF,YHTEYREICAKTYENTAYLNYHDYTWAVLAYEWY,HLA-B*27,1
KRWIILGLNK,CASSVEGSTGTEQYF,YHTEYREICAKTYENTAYLNYHDYTWAVLAYEWY,HLA-B*27,1
KRWIILGLNK,CASSPGLSGNTIYF,YHTEYREICAKTYENTAYLNYHDYTWAVLAYEWY,HLA-B*27,1
KRWIILGLNK,CASSEGDHEQYF,YHTEYREICAKTYENTAYLNYHDYTWAVLAYEWY,HLA-B*27,1
KRWIILGLNK,CASGPFDGGLHYNEQFF,YHTEYREICAKTYENTAYLNYHDYTWAVLAYEWY,HLA-B*27,1
KRWIILGLNK,CASSPGRRAIEQYF,YHTEYREICAKTYENTAYLNYHDYTWAVLAYEWY,HLA-B*27,1
KRWIILGLNK,CATSDSNGAYEQYF,YHTEYREICAKTYENTAYLNYHDYTWAVLAYEWY,HLA-B*27,1
KRWIILGLNK,CASSPGQFGAEAFF,YHTEYREICAKTYENTAYLNYHDYTWAVLAYEWY,HLA-B*27,1
KRWIILGLNK,CASSLAGSGSLYNEQFF,YHTEYREICAKTYENTAYLNYHDYTWAVLAYEWY,HLA-B*27,1
KRWIILGLNK,CASSPGSFSYEQYF,YHTEYREICAKTYENTAYLNYHDYTWAVLAYEWY,HLA-B*27,1
KRWIILGLNK,CASSDGTSSYEQYF,YHTEYREICAKTYENTAYLNYHDYTWAVLAYEWY,HLA-B*27,1
KRWIILGLNK,CSARTNTEAFF,YHTEYREICAKTYENTAYLNYHDYTWAVLAYEWY,HLA-B*27,1
KRWIILGLNK,CASSPGLLANEQFF,YHTEYREICAKTYENTAYLNYHDYTWAVLAYEWY,HLA-B*27,1
KRWIILGLNK,CASSVDRAEQYF,YHTEYREICAKTYENTAYLNYHDYTWAVLAYEWY,HLA-B*27,1
KRWIILGLNK,CASSLEAGTYNEQFF,YHTEYREICAKTYENTAYLNYHDYTWAVLAYEWY,HLA-B*27,1
KRWIILGLNK,CASSQGQSGNTIYF,YHTEYREICAKTYENTAYLNYHDYTWAVLAYEWY,HLA-B*27,1
KRWIILGLNK,CASSGSTGELFF,YHTEYREICAKTYENTAYLNYHDYTWAVLAYEWY,HLA-B*27,1
KRWIILGLNK,CASSLGTGSTEAFF,YHTEYREICAKTYENTAYLNYHDYTWAVLAYEWY,HLA-B*27,1
KRWIILGLNK,CASSPPRGTEAFF,YHTEYREICAKTYENTAYLNYHDYTWAVLAYEWY,HLA-B*27,1
KRWIILGLNK,CASSLGLAHNEQFF,YHTEYREICAKTYENTAYLNYHDYTWAVLAYEWY,HLA-B*27,1
KRWIILGLNK,CASSQGLMGAEAFF,YHTEYREICAKTYENTAYLNYHDYTWAVLAYEWY,HLA-B*27,1
KRWIILGLNK,CASSPGGVTNYGYTF,YHTEYREICAKTYENTAYLNYHDYTWAVLAYEWY,HLA-B*27,1
KRWIILGLNK,CASSLTRGSIEQYF,YHTEYREICAKTYENTAYLNYHDYTWAVLAYEWY,HLA-B*27,1
KRWIILGLNK,CSARVGLAGELYEQYF,YHTEYREICAKTYENTAYLNYHDYTWAVLAYEWY,HLA-B*27,1
KRWIILGLNK,CSAREGLAGAIYEQYF,YHTEYREICAKTYENTAYLNYHDYTWAVLAYEWY,HLA-B*27,1
KRWIILGLNK,CSARESLAGELYEQYF,YHTEYREICAKTYENTAYLNYHDYTWAVLAYEWY,HLA-B*27,1
KRWIILGLNK,CSARLGLAGGLYEQYF,YHTEYREICAKTYENTAYLNYHDYTWAVLAYEWY,HLA-B*27,1
KRWIILGLNK,CASSPGTSSRLDEQFF,YHTEYREICAKTYENTAYLNYHDYTWAVLAYEWY,HLA-B*27,1
KRWIILGLNK,CATASSSGNTIYF,YHTEYREICAKTYENTAYLNYHDYTWAVLAYEWY,HLA-B*27,1
KRWIILGLNK,CASSPLGERAYEQYF,YHTEYREICAKTYENTAYLNYHDYTWAVLAYEWY,HLA-B*27,1
KRWIILGLNK,CASSTGEFGNTIYF,YHTEYREICAKTYENTAYLNYHDYTWAVLAYEWY,HLA-B*27,1
KRWIILGLNK,CASAVGRLGTQYF,YHTEYREICAKTYENTAYLNYHDYTWAVLAYEWY,HLA-B*27,1
KRWIILGLNK,CASSPGIFGNTIYF,YHTEYREICAKTYENTAYLNYHDYTWAVLAYEWY,HLA-B*27,1
KRWIILGLNK,CASSADQNEQFF,YHTEYREICAKTYENTAYLNYHDYTWAVLAYEWY,HLA-B*27,1
KRWIILGLNK,CASSPGTFGNEQFF,YHTEYREICAKTYENTAYLNYHDYTWAVLAYEWY,HLA-B*27,1
KRWIILGLNK,CASSHLTGVPETQYF,YHTEYREICAKTYENTAYLNYHDYTWAVLAYEWY,HLA-B*27,1
KRWIILGLNK,CASSLGQGSTEAFF,YHTEYREICAKTYENTAYLNYHDYTWAVLAYEWY,HLA-B*27,1
KRWIILGLNK,CASSQGRSGAEQYF,YHTEYREICAKTYENTAYLNYHDYTWAVLAYEWY,HLA-B*27,1
KRWIILGLNK,CASSQGQLANEQFF,YHTEYREICAKTYENTAYLNYHDYTWAVLAYEWY,HLA-B*27,1
KRWIILGLNK,CASSQGLFGNEAFF,YHTEYREICAKTYENTAYLNYHDYTWAVLAYEWY,HLA-B*27,1
KRWIILGLNK,CASSPETFANEQFF,YHTEYREICAKTYENTAYLNYHDYTWAVLAYEWY,HLA-B*27,1
KRWIILGLNK,CASSQGLFGNEQFF,YHTEYREICAKTYENTAYLNYHDYTWAVLAYEWY,HLA-B*27,1
KRWIILGLNK,CASSPGTFANEQFF,YHTEYREICAKTYENTAYLNYHDYTWAVLAYEWY,HLA-B*27,1
KRWIILGLNK,CASSLTSGANVLTF,YHTEYREICAKTYENTAYLNYHDYTWAVLAYEWY,HLA-B*27,1
KRWIILGLNK,CASSEGVFGNTIYF,YHTEYREICAKTYENTAYLNYHDYTWAVLAYEWY,HLA-B*27,1
KRWIILGLNK,CAPNTPLSNQPQHF,YHTEYREICAKTYENTAYLNYHDYTWAVLAYEWY,HLA-B*27,1
KRWIILGLNK,CASSPGQFGNEQFF,YHTEYREICAKTYENTAYLNYHDYTWAVLAYEWY,HLA-B*27,1
KRWIILGLNK,CASSQLRTGGGEQYF,YHTEYREICAKTYENTAYLNYHDYTWAVLAYEWY,HLA-B*27,1
KRWIILGLNK,CASSPGGYSNEQFF,YHTEYREICAKTYENTAYLNYHDYTWAVLAYEWY,HLA-B*27,1
KRWIILGLNK,CASTVVGTQYF,YHTEYREICAKTYENTAYLNYHDYTWAVLAYEWY,HLA-B*27,1
KRWIILGLNK,CASSQGSGLAGGEQFF,YHTEYREICAKTYENTAYLNYHDYTWAVLAYEWY,HLA-B*27,1
KRWIILGLNK,CASSQGQGDYGYTF,YHTEYREICAKTYENTAYLNYHDYTWAVLAYEWY,HLA-B*27,1
KRWIILGLNK,CASSARTGELFF,YHTEYREICAKTYENTAYLNYHDYTWAVLAYEWY,HLA-B*27,1
KRWIILGLNK,CSAREGLAGQMYEQYF,YHTEYREICAKTYENTAYLNYHDYTWAVLAYEWY,HLA-B*27,1
KRWIILGLNK,CSARGASIFYEQYF,YHTEYREICAKTYENTAYLNYHDYTWAVLAYEWY,HLA-B*27,1
KRWIILGLNK,CASSPRTDTQYF,YHTEYREICAKTYENTAYLNYHDYTWAVLAYEWY,HLA-B*27,1
KRWIILGLNK,CASSLGVSSYEQYF,YHTEYREICAKTYENTAYLNYHDYTWAVLAYEWY,HLA-B*27,1
KRWIILGLNK,CSARDRTDPEQFF,YHTEYREICAKTYENTAYLNYHDYTWAVLAYEWY,HLA-B*27,1
KRWIILGLNK,CSARVGLAGSLYEQYF,YHTEYREICAKTYENTAYLNYHDYTWAVLAYEWY,HLA-B*27,1
KRWIILGLNK,CASSVMAGLDEQYF,YHTEYREICAKTYENTAYLNYHDYTWAVLAYEWY,HLA-B*27,1
KRWIILGLNK,CASSFQGFGVGDTQYF,YHTEYREICAKTYENTAYLNYHDYTWAVLAYEWY,HLA-B*27,1
KRWIILGLNK,CSAWSGRNYNEQFF,YHTEYREICAKTYENTAYLNYHDYTWAVLAYEWY,HLA-B*27,1
KRWIILGLNK,CASSQGQYGQTQYF,YHTEYREICAKTYENTAYLNYHDYTWAVLAYEWY,HLA-B*27,1
KRWIILGLNK,CASSLSLGSSYEQYF,YHTEYREICAKTYENTAYLNYHDYTWAVLAYEWY,HLA-B*27,1
TPQDLNTML,CASSQEGGGQGQPQHF,YYSEYRNIYAQTDESNLYLSYNYYTWAVDAYTWY,HLA-B*42:01,1
TPQDLNTML,CASSLATDGYTF,YYSEYRNIYAQTDESNLYLSYNYYTWAVDAYTWY,HLA-B*42:01,1
TPQDLNTML,CASSQEGGGDGQPQHF,YYSEYRNIYAQTDESNLYLSYNYYTWAVDAYTWY,HLA-B*42:01,1
TPQDLNTML,CASSFGLDEAFF,YYSEYRNIYAQTDESNLYLSYNYYTWAVDAYTWY,HLA-B*42:01,1
TPQDLNTML,CASSQEGGGEGQPQHF,YYSEYRNIYAQTDESNLYLSYNYYTWAVDAYTWY,HLA-B*42:01,1
TPQDLNTML,CASSLEGTSGPQETQYF,YYSEYRNIYAQTDESNLYLSYNYYTWAVDAYTWY,HLA-B*42:01,1
TPQDLNTML,CASSVGPNEQFF,YYSEYRNIYAQTDESNLYLSYNYYTWAVDAYTWY,HLA-B*42:01,1
TPQDLNTML,CASSQEGGGDGQPPH,YYSEYRNIYAQTDESNLYLSYNYYTWAVDAYTWY,HLA-B*42:01,1
TPQDLNTML,CASRQEGGGDGQPQHF,YYSEYRNIYAQTDESNLYLSYNYYTWAVDAYTWY,HLA-B*42:01,1
TPQDLNTML,CAPTPEGGGQGQPQHF,YYSEYRNIYAQTDESNLYLSYNYYTWAVDAYTWY,HLA-B*42:01,1
TPQDLNTML,CASSLGPTEAFF,YYSEYRNIYAQTDESNLYLSYNYYTWAVDAYTWY,HLA-B*42:01,1
TPQDLNTML,CASSLDPEKGAFF,YYSEYRNIYAQTDESNLYLSYNYYTWAVDAYTWY,HLA-B*42:01,1
TPQDLNTML,CASSLGVNTIYF,YYSEYRNIYAQTDESNLYLSYNYYTWAVDAYTWY,HLA-B*42:01,1
TPQDLNTML,CASSQGPTEAFF,YYSEYRNIYAQTDESNLYLSYNYYTWAVDAYTWY,HLA-B*42:01,1
TPQDLNTML,CATHAGTGELFF,YYSEYRNIYAQTDESNLYLSYNYYTWAVDAYTWY,HLA-B*42:01,1
TPQDLNTML,CASSLSFTEAFF,YYSEYRNIYAQTDESNLYLSYNYYTWAVDAYTWY,HLA-B*42:01,1
TPQDLNTML,CASSLNGADGYTF,YYSEYRNIYAQTDESNLYLSYNYYTWAVDAYTWY,HLA-B*42:01,1
TPQDLNTML,CASSSQTSGLFANTGELFF,YYSEYRNIYAQTDESNLYLSYNYYTWAVDAYTWY,HLA-B*42:01,1
TPQDLNTML,CASSLVFGTAGGQQFF,YYSEYRNIYAQTDESNLYLSYNYYTWAVDAYTWY,HLA-B*42:01,1
TPQDLNTML,CASSWTETGELFF,YYSEYRNIYAQTDESNLYLSYNYYTWAVDAYTWY,HLA-B*42:01,1
TPQDLNTML,CTSSLVFGTAGGRQFF,YYSEYRNIYAQTDESNLYLSYNYYTWAVDAYTWY,HLA-B*42:01,1
TPQDLNTML,CASSLGANTIYF,YYSEYRNIYAQTDESNLYLSYNYYTWAVDAYTWY,HLA-B*42:01,1
TPQDLNTML,CASSLAFGTSGGEQYF,YYSEYRNIYAQTDESNLYLSYNYYTWAVDAYTWY,HLA-B*42:01,1
TPQDLNTML,CASSLSDVSWNTEAFF,YYSEYRNIYAQTDESNLYLSYNYYTWAVDAYTWY,HLA-B*42:01,1
TPQDLNTML,CASSREGYSNQPQHF,YYSEYRNIYAQTDESNLYLSYNYYTWAVDAYTWY,HLA-B*42:01,1
TPQDLNTML,CASSLSKNTEAFF,YYSEYRNIYAQTDESNLYLSYNYYTWAVDAYTWY,HLA-B*42:01,1
TPQDLNTML,CASSPGNTEAFF,YYSEYRNIYAQTDESNLYLSYNYYTWAVDAYTWY,HLA-B*42:01,1
TPQDLNTML,CASRDPYEQYF,YYSEYRNIYAQTDESNLYLSYNYYTWAVDAYTWY,HLA-B*42:01,1
TPQDLNTML,CASDKGTGNYGYTF,YYSEYRNIYAQTDESNLYLSYNYYTWAVDAYTWY,HLA-B*42:01,1
TPQDLNTML,CASSFGGTTEAFF,YYSEYRNIYAQTDESNLYLSYNYYTWAVDAYTWY,HLA-B*42:01,1
TPQDLNTML,CASGLGANTIYF,YYSEYRNIYAQTDESNLYLSYNYYTWAVDAYTWY,HLA-B*42:01,1
TPQDLNTML,CASSSTITGMGDSGNTIYF,YYSEYRNIYAQTDESNLYLSYNYYTWAVDAYTWY,HLA-B*42:01,1
TPQDLNTML,CTSSSTITGMGDSGNTIYF,YYSEYRNIYAQTDESNLYLSYNYYTWAVDAYTWY,HLA-B*42:01,1
TPQDLNTML,CASSSTITGMGVSGNTIYF,YYSEYRNIYAQTDESNLYLSYNYYTWAVDAYTWY,HLA-B*42:01,1
TPQDLNTML,CASSSAITGMGDSGNTIYF,YYSEYRNIYAQTDESNLYLSYNYYTWAVDAYTWY,HLA-B*42:01,1
TPQDLNTML,CASRASTGSGNTIYF,YYSEYRNIYAQTDESNLYLSYNYYTWAVDAYTWY,HLA-B*42:01,1
TPQDLNTML,CASSLRHLASDYNSPLH,YYSEYRNIYAQTDESNLYLSYNYYTWAVDAYTWY,HLA-B*42:01,1
TPQDLNTML,CAGRASTGSGNTIYF,YYSEYRNIYAQTDESNLYLSYNYYTWAVDAYTWY,HLA-B*42:01,1
TPQDLNTML,CASRARRPSNTIYF,YYSEYRNIYAQTDESNLYLSYNYYTWAVDAYTWY,HLA-B*42:01,1
TPQDLNTML,CASSLMGASGANVLTF,YYSEYRNIYAQTDESNLYLSYNYYTWAVDAYTWY,HLA-B*42:01,1
TPQDLNTML,CSVRTHQGPTNEKLFF,YYSEYRNIYAQTDESNLYLSYNYYTWAVDAYTWY,HLA-B*42:01,1
IPSINVHHY,CASNPGTGTDTQYF,YYATYRNIFTNTYESNLYIRYDSYTWAVLAYLWY,HLA-B*35,1
IPSINVHHY,CASNPGTGADEQYF,YYATYRNIFTNTYESNLYIRYDSYTWAVLAYLWY,HLA-B*35,1
IPSINVHHY,CASNAGTGNEQYF,YYATYRNIFTNTYESNLYIRYDSYTWAVLAYLWY,HLA-B*35,1
IPSINVHHY,CASNAGTGTDTQYF,YYATYRNIFTNTYESNLYIRYDSYTWAVLAYLWY,HLA-B*35,1
IPSINVHHY,CAISVAARGEQFF,YYATYRNIFTNTYESNLYIRYDSYTWAVLAYLWY,HLA-B*35,1
IPSINVHHY,CAISETTRGDSPLHF,YYATYRNIFTNTYESNLYIRYDSYTWAVLAYLWY,HLA-B*35,1
IPSINVHHY,CAISGRGDTEAFF,YYATYRNIFTNTYESNLYIRYDSYTWAVLAYLWY,HLA-B*35,1
IPSINVHHY,CASSLGAGTFKTNEKLFF,YYATYRNIFTNTYESNLYIRYDSYTWAVLAYLWY,HLA-B*35,1
IPSINVHHY,CASSLTDGDQPQHF,YYATYRNIFTNTYESNLYIRYDSYTWAVLAYLWY,HLA-B*35,1
IPSINVHHY,CASSLVASQETQYF,YYATYRNIFTNTYESNLYIRYDSYTWAVLAYLWY,HLA-B*35,1
KRWIILGLNK,CASSPGRTSHEQFF,YHTEYREICAKTYENTAYLNYHDYTWAVLAYEWY,HLA-B*27,1
KRWIILGLNK,CASSWDRNEQFF,YHTEYREICAKTYENTAYLNYHDYTWAVLAYEWY,HLA-B*27,1
KRWIILGLNK,CASSQGAGGIEQFF,YHTEYREICAKTYENTAYLNYHDYTWAVLAYEWY,HLA-B*27,1
KRWIILGLNK,CSAREEARGYGYTF,YHTEYREICAKTYENTAYLNYHDYTWAVLAYEWY,HLA-B*27,1
KRWIILGLNK,CASSGGTGVFYEQYF,YHTEYREICAKTYENTAYLNYHDYTWAVLAYEWY,HLA-B*27,1
KRWIILGLNK,CASLGGDPNYGYTF,YHTEYREICAKTYENTAYLNYHDYTWAVLAYEWY,HLA-B*27,1
KRWIILGLNK,CASSRVTGELFF,YHTEYREICAKTYENTAYLNYHDYTWAVLAYEWY,HLA-B*27,1
KRWIILGLNK,CASSSTRNGEQFF,YHTEYREICAKTYENTAYLNYHDYTWAVLAYEWY,HLA-B*27,1
KRWIILGLNK,CAWRRSSTEAFF,YHTEYREICAKTYENTAYLNYHDYTWAVLAYEWY,HLA-B*27,1
KRWIILGLNK,CASRITGWSGVNTEAFF,YHTEYREICAKTYENTAYLNYHDYTWAVLAYEWY,HLA-B*27,1
KRWIILGLNK,CSARDRPESGYTF,YHTEYREICAKTYENTAYLNYHDYTWAVLAYEWY,HLA-B*27,1
KRWIILGLNK,CASSPGTSSSYNEQFF,YHTEYREICAKTYENTAYLNYHDYTWAVLAYEWY,HLA-B*27,1
KRWIILGLNK,CASSQEFLAVEQFF,YHTEYREICAKTYENTAYLNYHDYTWAVLAYEWY,HLA-B*27,1
KRWIILGLNK,CASSAQTGELFF,YHTEYREICAKTYENTAYLNYHDYTWAVLAYEWY,HLA-B*27,1
KRWIILGLNK,CASSPGLLSNEQYF,YHTEYREICAKTYENTAYLNYHDYTWAVLAYEWY,HLA-B*27,1
KRWIILGLNK,CATSMGQTTYEQYF,YHTEYREICAKTYENTAYLNYHDYTWAVLAYEWY,HLA-B*27,1
KRWIILGLNK,CASSQGRGDYGYTF,YHTEYREICAKTYENTAYLNYHDYTWAVLAYEWY,HLA-B*27,1
KRWIILGLNK,CASSPGQFSHEQYF,YHTEYREICAKTYENTAYLNYHDYTWAVLAYEWY,HLA-B*27,1
KRWIILGLNK,CAGSVVSDNEQFF,YHTEYREICAKTYENTAYLNYHDYTWAVLAYEWY,HLA-B*27,1
AEVQIDRLI,CASSEALSGGSETQYF,YYTKYREISTNTYENTAYIRYDDYTWAVDAYLSY,HLA-B*44:02,1
AEVQIDRLI,CASRPGTSGGYEQYF,YYTKYREISTNTYENTAYIRYDDYTWAVDAYLSY,HLA-B*44:02,1
AEVQIDRLI,CASSSGTGAPEQYF,YYTKYREISTNTYENTAYIRYDDYTWAVDAYLSY,HLA-B*44:02,1
AEVQIDRLI,CASSTGNQPQHF,YYTKYREISTNTYENTAYIRYDDYTWAVDAYLSY,HLA-B*44:02,1
AEVQIDRLI,CASSLWGFGEETQYF,YYTKYREISTNTYENTAYIRYDDYTWAVDAYLSY,HLA-B*44:02,1
AEVQIDRLI,CASSVGRYTGELFF,YYTKYREISTNTYENTAYIRYDDYTWAVDAYLSY,HLA-B*44:02,1
AEVQIDRLI,CASSRVWDTEAFF,YYTKYREISTNTYENTAYIRYDDYTWAVDAYLSY,HLA-B*44:02,1
NMMWFQGQL,CASSRDTVNTEAFF,YFAMYGEKVAHTHVDTLYVRYHYYTWAVLAYTWY,HLA-A*02:01,1
NMMWFQGQL,CASSRDFVSNEQYF,YFAMYGEKVAHTHVDTLYVRYHYYTWAVLAYTWY,HLA-A*02:01,1
EMMLFDWKV,CASSPSGLAGSNLGNEQFF,YFAMYGEKVAHTHVDTLYVRYHYYTWAVLAYTWY,HLA-A*02:01,1
LAMPFATPM,CASSLPLGYEQYF,YYAGYREKYRQTDVSNLYIRYDYYTWAELAYLWY,HLA-C*03:04,1
RVRFFFPSL,CASSLASGSNQPQHF,YYSEYRNIYAQTDESNLYLSYDYYTWAERAYEWY,HLA-B*07:02,1
FQDYIKSYL,CASSHHSGGIYNEQFF,YYAGYREKYRQTDVNKLYLRYNFYTWAERAYTWY,HLA-C*05:01,1
HSKKKCDEL,CASSHSRGSGNTIYF,YDSEYRNIFTNTDESNLYLSYNYYTWAVDAYTWY,HLA-B*08:01,1
HSKKKCDEL,CASSQSRGSGNTIYF,YDSEYRNIFTNTDESNLYLSYNYYTWAVDAYTWY,HLA-B*08:01,1
HSKKKCDEL,CASSQGPPGLAQETQYF,YDSEYRNIFTNTDESNLYLSYNYYTWAVDAYTWY,HLA-B*08:01,1
HSKKKCDEL,CASSQGPPGTTRETQYF,YDSEYRNIFTNTDESNLYLSYNYYTWAVDAYTWY,HLA-B*08:01,1
HSKKKCDEL,CASSRLTVDRSDTGELFF,YDSEYRNIFTNTDESNLYLSYNYYTWAVDAYTWY,HLA-B*08:01,1
HSKKKCDEL,CASSPRQGGTGELFF,YDSEYRNIFTNTDESNLYLSYNYYTWAVDAYTWY,HLA-B*08:01,1
HSKKKCDEL,CASSSRQGGTGELFF,YDSEYRNIFTNTDESNLYLSYNYYTWAVDAYTWY,HLA-B*08:01,1
HSKKKCDEL,CASSHRQGGTGELFF,YDSEYRNIFTNTDESNLYLSYNYYTWAVDAYTWY,HLA-B*08:01,1
HSKKKCDEL,CASSNRQGGTGELFF,YDSEYRNIFTNTDESNLYLSYNYYTWAVDAYTWY,HLA-B*08:01,1
HSKKKCDEL,CASSPGPQRGGLETQYF,YDSEYRNIFTNTDESNLYLSYNYYTWAVDAYTWY,HLA-B*08:01,1
HSKKKCDEL,CAISETDKLGFF,YDSEYRNIFTNTDESNLYLSYNYYTWAVDAYTWY,HLA-B*08:01,1
HSKKKCDEL,CAIRTGGDEQFF,YDSEYRNIFTNTDESNLYLSYNYYTWAVDAYTWY,HLA-B*08:01,1
HSKKKCDEL,CAIRAGGDEQFF,YDSEYRNIFTNTDESNLYLSYNYYTWAVDAYTWY,HLA-B*08:01,1
HSKKKCDEL,CAISGGSGDNEQFF,YDSEYRNIFTNTDESNLYLSYNYYTWAVDAYTWY,HLA-B*08:01,1
HSKKKCDEL,CAISGGVRSYNEQFF,YDSEYRNIFTNTDESNLYLSYNYYTWAVDAYTWY,HLA-B*08:01,1
HSKKKCDEL,CAISSGTKSTEAFF,YDSEYRNIFTNTDESNLYLSYNYYTWAVDAYTWY,HLA-B*08:01,1
HSKKKCDEL,CAISEVQETQYF,YDSEYRNIFTNTDESNLYLSYNYYTWAVDAYTWY,HLA-B*08:01,1
HSKKKCDEL,CAISERHLTDTQYF,YDSEYRNIFTNTDESNLYLSYNYYTWAVDAYTWY,HLA-B*08:01,1
HSKKKCDEL,CAISESTGPGGDTQYF,YDSEYRNIFTNTDESNLYLSYNYYTWAVDAYTWY,HLA-B*08:01,1
HSKKKCDEL,CAISVSGRSTDTQYF,YDSEYRNIFTNTDESNLYLSYNYYTWAVDAYTWY,HLA-B*08:01,1
HSKKKCDEL,CAIRTRTGESYTF,YDSEYRNIFTNTDESNLYLSYNYYTWAVDAYTWY,HLA-B*08:01,1
HSKKKCDEL,CAIRTRIGETQYF,YDSEYRNIFTNTDESNLYLSYNYYTWAVDAYTWY,HLA-B*08:01,1
HSKKKCDEL,CAVRLMENYGYTF,YDSEYRNIFTNTDESNLYLSYNYYTWAVDAYTWY,HLA-B*08:01,1
HSKKKCDEL,CAISGMGQRDNEQFF,YDSEYRNIFTNTDESNLYLSYNYYTWAVDAYTWY,HLA-B*08:01,1
HSKKKCDEL,CAISDEGRNTEAFF,YDSEYRNIFTNTDESNLYLSYNYYTWAVDAYTWY,HLA-B*08:01,1
HSKKKCDEL,CASSRRGRDDEKLFF,YDSEYRNIFTNTDESNLYLSYNYYTWAVDAYTWY,HLA-B*08:01,1
HSKKKCDEL,CASSRRQGAMRETQYF,YDSEYRNIFTNTDESNLYLSYNYYTWAVDAYTWY,HLA-B*08:01,1
HSKKKCDEL,CASSRRGATTSTDTQYF,YDSEYRNIFTNTDESNLYLSYNYYTWAVDAYTWY,HLA-B*08:01,1
HSKKKCDEL,CASSRRGAATSTDTQYF,YDSEYRNIFTNTDESNLYLSYNYYTWAVDAYTWY,HLA-B*08:01,1
HQNPVTGLLL,CASSPGREQYF,YYSEYRNICTNTYENIAYLRYNFYTWAVLTYTWY,HLA-B*38:01,1
RVSTLRVSL,CASSLSWGSSYNEQFF,YYSEYRNIYAQTDESNLYLSYDYYTWAERAYEWY,HLA-B*07:02,1
SYMIMEIE,CASRDHRVIYGYTF,YSAGYREKYRQTDVSNLYLWFDSYTWAERAYTWY,HLA-C*14:02,1
MPYGYVLNEF,CASRPWTGANEKLFF,YYATYRNIFTNTYESNLYIRYDSYTWAVLAYLWY,HLA-B*35:01,1
MTLHGHMMY,CASSLILDSPLHF,YSAMYQENVAHTDENTLYIIYEHYTWARLAYTWY,HLA-A*30:02,1
MTLHGHMMY,CASSVTFRTGPMYGYTF,YSAMYQENVAHTDENTLYIIYEHYTWARLAYTWY,HLA-A*30:02,1
MTLHGHMMY,CASSLDLDSDGYTF,YSAMYQENVAHTDENTLYIIYEHYTWARLAYTWY,HLA-A*30:02,1
MTLHGHMMY,CASSESENSYGYTF,YSAMYQENVAHTDENTLYIIYEHYTWARLAYTWY,HLA-A*30:02,1
MTLHGHMMY,CASSPPGSKAYGYTF,YSAMYQENVAHTDENTLYIIYEHYTWARLAYTWY,HLA-A*30:02,1
MTLHGHMMY,CASGTAGGPSTDTQYF,YSAMYQENVAHTDENTLYIIYEHYTWARLAYTWY,HLA-A*30:02,1
MTLHGHMMY,CASSLTGGGNYGYTF,YSAMYQENVAHTDENTLYIIYEHYTWARLAYTWY,HLA-A*30:02,1
MTLHGHMMY,CASSFLADGELFF,YSAMYQENVAHTDENTLYIIYEHYTWARLAYTWY,HLA-A*30:02,1
MTLHGHMMY,CASSLSWGETQYF,YSAMYQENVAHTDENTLYIIYEHYTWARLAYTWY,HLA-A*30:02,1
MTLHGHMMY,CASSYHGQGAVDTQYF,YSAMYQENVAHTDENTLYIIYEHYTWARLAYTWY,HLA-A*30:02,1
MTLHGHMMY,CASSEGDRETGELFF,YSAMYQENVAHTDENTLYIIYEHYTWARLAYTWY,HLA-A*30:02,1
MTLHGHMMY,CASSTRLARNNEQFF,YSAMYQENVAHTDENTLYIIYEHYTWARLAYTWY,HLA-A*30:02,1
MTLHGHMMY,CASSEGYWGTGRDTQYF,YSAMYQENVAHTDENTLYIIYEHYTWARLAYTWY,HLA-A*30:02,1
MTLHGHMMY,CASSLTGRETQYF,YSAMYQENVAHTDENTLYIIYEHYTWARLAYTWY,HLA-A*30:02,1
QIKVRVDMV,CASSGEGAKTTNTEAFF,YDSEYRNIFTNTDESNLYLSYNYYTWAVDAYTWY,HLA-B*08,1
QIKVRVDMV,CASSSTQGKVYEQYF,YDSEYRNIFTNTDESNLYLSYNYYTWAVDAYTWY,HLA-B*08,1
QIKVRVDMV,CASSRLAGASTDTQYF,YDSEYRNIFTNTDESNLYLSYNYYTWAVDAYTWY,HLA-B*08,1
QIKVRVDMV,CASSRLSSNTDTQYF,YDSEYRNIFTNTDESNLYLSYNYYTWAVDAYTWY,HLA-B*08,1
QIKVRVDMV,CASSRLAGNTDTQYF,YDSEYRNIFTNTDESNLYLSYNYYTWAVDAYTWY,HLA-B*08,1
QIKVRVDMV,CASSRLAGGTDTQYF,YDSEYRNIFTNTDESNLYLSYNYYTWAVDAYTWY,HLA-B*08,1
QIKVRVDMV,CASSRLAASTDTQYF,YDSEYRNIFTNTDESNLYLSYNYYTWAVDAYTWY,HLA-B*08,1
QIKVRVDMV,CASSLRVNTEAFF,YDSEYRNIFTNTDESNLYLSYNYYTWAVDAYTWY,HLA-B*08,1
QIKVRVDMV,CASSRLAANTDTQYF,YDSEYRNIFTNTDESNLYLSYNYYTWAVDAYTWY,HLA-B*08,1
RYSIFFDYM,CASSSYRKEKLFF,YSAMYEEKVAHTDENIAYLMFHYYTWAVQAYTGY,HLA-A*24:02,1
RYSIFFDYM,CASGNRLMEEGQFF,YSAMYEEKVAHTDENIAYLMFHYYTWAVQAYTGY,HLA-A*24:02,1
RYSIFFDYM,CASSRTGFSEQYF,YSAMYEEKVAHTDENIAYLMFHYYTWAVQAYTGY,HLA-A*24:02,1
RYSIFFDYM,CASSPRGTVLEKLFF,YSAMYEEKVAHTDENIAYLMFHYYTWAVQAYTGY,HLA-A*24:02,1
RYSIFFDYM,CAWDPLGQNTEAFF,YSAMYEEKVAHTDENIAYLMFHYYTWAVQAYTGY,HLA-A*24:02,1
RYSIFFDYM,CASSRTGSGYTF,YSAMYEEKVAHTDENIAYLMFHYYTWAVQAYTGY,HLA-A*24:02,1
RYSIFFDYM,CASRKRMYNEQFF,YSAMYEEKVAHTDENIAYLMFHYYTWAVQAYTGY,HLA-A*24:02,1
RYSIFFDYM,CASTQGIGGYTF,YSAMYEEKVAHTDENIAYLMFHYYTWAVQAYTGY,HLA-A*24:02,1
RYSIFFDYM,CASSLGASQQYF,YSAMYEEKVAHTDENIAYLMFHYYTWAVQAYTGY,HLA-A*24:02,1
ILGFVFTLT,CASSSQSTGTAGVYEQYF,YFAMYGEKVAHTHVDTLYVRYHYYTWAVLAYTWY,HLA-A*02:01,1
ILGFVFTLT,CASSLNPSGTVETQYF,YFAMYGEKVAHTHVDTLYVRYHYYTWAVLAYTWY,HLA-A*02:01,1
ILGFVFTLT,CASSSGLAGHSSYNEQFF,YFAMYGEKVAHTHVDTLYVRYHYYTWAVLAYTWY,HLA-A*02:01,1
ILGFVFTLT,CASSQDVGQLYGYTF,YFAMYGEKVAHTHVDTLYVRYHYYTWAVLAYTWY,HLA-A*02:01,1
ILGFVFTLT,CASEQPRTGGDAYNEQFF,YFAMYGEKVAHTHVDTLYVRYHYYTWAVLAYTWY,HLA-A*02:01,1
ILGFVFTLT,CAWSVERVGQAYGYTF,YFAMYGEKVAHTHVDTLYVRYHYYTWAVLAYTWY,HLA-A*02:01,1
ILGFVFTLT,CASSLGGGDNEQFF,YFAMYGEKVAHTHVDTLYVRYHYYTWAVLAYTWY,HLA-A*02:01,1
RLNQLESKV,CASSPRGGAKNIQYF,YFAMYGEKVAHTHVDTLYVRYHYYTWAVLAYTWY,HLA-A*02:01,1
RLNQLESKV,CASVYLAGTMDTQYF,YFAMYGEKVAHTHVDTLYVRYHYYTWAVLAYTWY,HLA-A*02:01,1
RLNQLESKV,CASSFSGGSYNEQFF,YFAMYGEKVAHTHVDTLYVRYHYYTWAVLAYTWY,HLA-A*02:01,1
RLNQLESKV,CSASGRESDTQYF,YFAMYGEKVAHTHVDTLYVRYHYYTWAVLAYTWY,HLA-A*02:01,1
LLLDRLNQL,CASSDRDSVNYGYTF,YFAMYGEKVAHTHVDTLYVRYHYYTWAVLAYTWY,HLA-A*02:01,1
LLLDRLNQL,CASSESNYGYTF,YFAMYGEKVAHTHVDTLYVRYHYYTWAVLAYTWY,HLA-A*02:01,1
LLLDRLNQL,CASSLDRESMNTEAFF,YFAMYGEKVAHTHVDTLYVRYHYYTWAVLAYTWY,HLA-A*02:01,1
LLLDRLNQL,CASSQDRDNLNTEAFF,YFAMYGEKVAHTHVDTLYVRYHYYTWAVLAYTWY,HLA-A*02:01,1
LDRLNQLES,CASSIGTGRTHNEQFF,YFAMYGEKVAHTHVDTLYVRYHYYTWAVLAYTWY,HLA-A*02:01,1
SVLYYQNNV,CASSLGFNEQYF,YFAMYGEKVAHTHVDTLYVRYHYYTWAVLAYTWY,HLA-A*02:01,1
YVDDSSLTI,CASSPGLADEQFF,YFAMYGEKVAHTHVDTLYVRYHYYTWAVLAYTWY,HLA-A*02:01,1
ILFTRFFYV,CSVEDPDRDGYTF,YFAMYGEKVAHTHVDTLYVRYHYYTWAVLAYTWY,HLA-A*02:01,1
RIMASLVLA,CASSSGRAGITDTQYF,YFAMYGEKVAHTHVDTLYVRYHYYTWAVLAYTWY,HLA-A*02:01,1
YVWKSYVHV,CASSVSGPPTGELFF,YFAMYGEKVAHTHVDTLYVRYHYYTWAVLAYTWY,HLA-A*02:01,1
KSVDITFEL,CASSGTGVTGELFF,YFAMYGEKVAHTHVDTLYVRYHYYTWAVLAYTWY,HLA-A*02:01,1
YVWKSYVHV,CASSLQGVQNEQFF,YFAMYGEKVAHTHVDTLYVRYHYYTWAVLAYTWY,HLA-A*02:01,1
KLMPVCVET,CASSEVRGPSYNEQFF,YFAMYGEKVAHTHVDTLYVRYHYYTWAVLAYTWY,HLA-A*02:01,1
LLTNMFTPL,CASSLLPGNTGELFF,YFAMYGEKVAHTHVDTLYVRYHYYTWAVLAYTWY,HLA-A*02:01,1
ILLLDQALV,CASSSSGKPTDTQYF,YFAMYGEKVAHTHVDTLYVRYHYYTWAVLAYTWY,HLA-A*02:01,1
YVWKSYVHV,CASSVGTAGEQYF,YFAMYGEKVAHTHVDTLYVRYHYYTWAVLAYTWY,HLA-A*02:01,1
LLTNMFTPL,CAWMGTGRETQYF,YFAMYGEKVAHTHVDTLYVRYHYYTWAVLAYTWY,HLA-A*02:01,1
KSVDITFEL,CASSFLPREEMNTEAFF,YFAMYGEKVAHTHVDTLYVRYHYYTWAVLAYTWY,HLA-A*02:01,1
VLLSVLQQL,CASSLYSGSFYEQYF,YFAMYGEKVAHTHVDTLYVRYHYYTWAVLAYTWY,HLA-A*02:01,1
YVDDSSLTI,CSVDQGSGELFF,YFAMYGEKVAHTHVDTLYVRYHYYTWAVLAYTWY,HLA-A*02:01,1
YVDDSSLTI,CASSLTHSSYNEQFF,YFAMYGEKVAHTHVDTLYVRYHYYTWAVLAYTWY,HLA-A*02:01,1
IVDTVSALV,CASRDTSGGPDTQYF,YFAMYGEKVAHTHVDTLYVRYHYYTWAVLAYTWY,HLA-A*02:01,1
QPGQTFSVL,CASSPRPGPNQPQHF,YYSEYRNIYAQTDESNLYLSYDYYTWAERAYEWY,HLA-B*07:02,1
LTNDNTSRY,CASSVVSGGHQPQHF,YFAMYQENMAHTDANTLYIIYRDYTWVARVYRGY,HLA-A*01:01,1
YTERSEKSY,CASSQDPETGRTDTQYF,YFAMYQENMAHTDANTLYIIYRDYTWVARVYRGY,HLA-A*01:01,1
LTNDNTSRY,CASKGLANNEQFF,YFAMYQENMAHTDANTLYIIYRDYTWVARVYRGY,HLA-A*01:01,1
LMNVLTLVY,CASITRLAGELFF,YFAMYQENMAHTDANTLYIIYRDYTWVARVYRGY,HLA-A*01:01,1
LSDLQDLKW,CASSLVNTGELFF,YFAMYQENMAHTDANTLYIIYRDYTWVARVYRGY,HLA-A*01:01,1
FLTENLLLY,CASSTMGQGISPLHF,YFAMYQENMAHTDANTLYIIYRDYTWVARVYRGY,HLA-A*01:01,1
SVLYYQNNV,CASSPSISGTGRQNTEAFF,YFAMYGEKVAHTHVDTLYVRYHYYTWAVLAYTWY,HLA-A*02:01,1
YLEGSVRVV,CASARGWGPAGGELFF,YFAMYGEKVAHTHVDTLYVRYHYYTWAVLAYTWY,HLA-A*02:01,1
SMQNCVLKL,CASSLTQGARNTIYF,YFAMYGEKVAHTHVDTLYVRYHYYTWAVLAYTWY,HLA-A*02:01,1
FMSEAKCWT,CASSLGRGAYEQYF,YFAMYGEKVAHTHVDTLYVRYHYYTWAVLAYTWY,HLA-A*02:01,1
YLEGSVRVV,CASSLGQHTEAFF,YFAMYGEKVAHTHVDTLYVRYHYYTWAVLAYTWY,HLA-A*02:01,1
FVDGVPFVV,CASSLGEDSSLKREPLHF,YFAMYGEKVAHTHVDTLYVRYHYYTWAVLAYTWY,HLA-A*02:01,1
GLALYYPSA,CASSEQGVVDTQYF,YFAMYGEKVAHTHVDTLYVRYHYYTWAVLAYTWY,HLA-A*02:01,1
TLGVLVPHV,CASSPPADEALYGYTF,YFAMYGEKVAHTHVDTLYVRYHYYTWAVLAYTWY,HLA-A*02:01,1
YVWKSYVHV,CASTPTGGDEKLFF,YFAMYGEKVAHTHVDTLYVRYHYYTWAVLAYTWY,HLA-A*02:01,1
SVLYYQNNV,CASSFWDWDEAFF,YFAMYGEKVAHTHVDTLYVRYHYYTWAVLAYTWY,HLA-A*02:01,1
FVNEFYAYL,CASSLVDISYGYTF,YFAMYGEKVAHTHVDTLYVRYHYYTWAVLAYTWY,HLA-A*02:01,1
YVWKSYVHV,CASSSGQSPFGYTF,YFAMYGEKVAHTHVDTLYVRYHYYTWAVLAYTWY,HLA-A*02:01,1
YVWKSYVHV,CASSLREGLGEQYF,YFAMYGEKVAHTHVDTLYVRYHYYTWAVLAYTWY,HLA-A*02:01,1
GIIAMSAFA,CASSLGRGERKESPLHF,YFAMYGEKVAHTHVDTLYVRYHYYTWAVLAYTWY,HLA-A*02:01,1
GLALYYPSA,CASSQEVGASEAFF,YFAMYGEKVAHTHVDTLYVRYHYYTWAVLAYTWY,HLA-A*02:01,1
GLALYYPSA,CASSLLPYNEQFF,YFAMYGEKVAHTHVDTLYVRYHYYTWAVLAYTWY,HLA-A*02:01,1
SMQNCVLKL,CASSPPDRLYEQFF,YFAMYGEKVAHTHVDTLYVRYHYYTWAVLAYTWY,HLA-A*02:01,1
GIIAMSAFA,CATSELSGETQYF,YFAMYGEKVAHTHVDTLYVRYHYYTWAVLAYTWY,HLA-A*02:01,1
YVWKSYVHV,CASSLEEGEGNQPQHF,YFAMYGEKVAHTHVDTLYVRYHYYTWAVLAYTWY,HLA-A*02:01,1
ILFTRFFYV,CASSPGTGEQYF,YFAMYGEKVAHTHVDTLYVRYHYYTWAVLAYTWY,HLA-A*02:01,1
GLALYYPSA,CASPRSTGELFF,YFAMYGEKVAHTHVDTLYVRYHYYTWAVLAYTWY,HLA-A*02:01,1
SVLYYQNNV,CASSYESTDTQYF,YFAMYGEKVAHTHVDTLYVRYHYYTWAVLAYTWY,HLA-A*02:01,1
ILFTRFFYV,CASSQEDPAGDSYNEQFF,YFAMYGEKVAHTHVDTLYVRYHYYTWAVLAYTWY,HLA-A*02:01,1
ILLLDQALV,CASSAAGGSADTQYF,YFAMYGEKVAHTHVDTLYVRYHYYTWAVLAYTWY,HLA-A*02:01,1
YLEGSVRVV,CASSLARDRVGTEAFF,YFAMYGEKVAHTHVDTLYVRYHYYTWAVLAYTWY,HLA-A*02:01,1
TYHWLLLTI,CASSFWGLAGGYNEQFF,YSAMYEEKVAHTDENIAYLMFHYYTWAVQAYTGY,HLA-A*24:02,1
TYHWLLLTI,CASSPAPNTEAFF,YSAMYEEKVAHTDENIAYLMFHYYTWAVQAYTGY,HLA-A*24:02,1
RTAPHGHVV,CSARGGARNTEAFF,YYSEYRNIYAQTDESNLYLSYDYYTWAERAYEWY,HLA-B*07:02,1
RTAPHGHVV,CASSRDRGLGYTF,YYSEYRNIYAQTDESNLYLSYDYYTWAERAYEWY,HLA-B*07:02,1
QPGQTFSVL,CASSSKGGGQQTQYF,YYSEYRNIYAQTDESNLYLSYDYYTWAERAYEWY,HLA-B*07:02,1
ILRKGGRTI,CAVPGGSPYEQYF,YYSEYRNIYAQTDESNLYLSYDYYTWAERAYEWY,HLA-B*07:02,1
KPYIKWDLL,CATSEVGSETQYF,YYSEYRNIYAQTDESNLYLSYDYYTWAERAYEWY,HLA-B*07:02,1
QPGQTFSVL,CASRHRILALETGELFF,YYSEYRNIYAQTDESNLYLSYDYYTWAERAYEWY,HLA-B*07:02,1
YPLECIKDL,CASSLLAGGKETQYF,YYSEYRNIYAQTDESNLYLSYDYYTWAERAYEWY,HLA-B*07:02,1
ILRKGGRTI,CASSLEAGGTEAFF,YYSEYRNIYAQTDESNLYLSYDYYTWAERAYEWY,HLA-B*07:02,1
KPYIKWDLL,CSVEPGLGGTQYF,YYSEYRNIYAQTDESNLYLSYDYYTWAERAYEWY,HLA-B*07:02,1
STDVTIATY,CASSPLGGLEAFF,YFAMYQENMAHTDANTLYIIYRDYTWVARVYRGY,HLA-A*01:01,1
STDVTIATY,CSARTSAGVYEQFF,YFAMYQENMAHTDANTLYIIYRDYTWVARVYRGY,HLA-A*01:01,1
YTERSEKSY,CASSFVVGQEAYEQYF,YFAMYQENMAHTDANTLYIIYRDYTWVARVYRGY,HLA-A*01:01,1
FLTENLLLY,CASSITESGKGNTIYF,YFAMYQENMAHTDANTLYIIYRDYTWVARVYRGY,HLA-A*01:01,1
FLTENLLLY,CAGAGGGGDTEAFF,YFAMYQENMAHTDANTLYIIYRDYTWVARVYRGY,HLA-A*01:01,1
FLTENLLLY,CASSSSTGASYGYTF,YFAMYQENMAHTDANTLYIIYRDYTWVARVYRGY,HLA-A*01:01,1
LMNVLTLVY,CASSYRQGATEAFF,YFAMYQENMAHTDANTLYIIYRDYTWVARVYRGY,HLA-A*01:01,1
LMNVLTLVY,CASSEGSRGYGYTF,YFAMYQENMAHTDANTLYIIYRDYTWVARVYRGY,HLA-A*01:01,1
YVDDSSLTI,CASSLTAEANEKLFF,YFAMYQENMAHTDANTLYIIYRDYTWVARVYRGY,HLA-A*01:01,1
ILLLDQALV,CASLTRFGLYSNQPQHF,YFAMYGEKVAHTHVDTLYVRYHYYTWAVLAYTWY,HLA-A*02:01,1
KLNIKLLGV,CSASGTGSYEQYF,YFAMYGEKVAHTHVDTLYVRYHYYTWAVLAYTWY,HLA-A*02:01,1
GIIAMSAFA,CASSLNPTSAHYEQYF,YFAMYGEKVAHTHVDTLYVRYHYYTWAVLAYTWY,HLA-A*02:01,1
ITFDNLKTL,CSASGTLDTEAFF,YFAMYGEKVAHTHVDTLYVRYHYYTWAVLAYTWY,HLA-A*02:01,1
FVNEFYAYL,CASSLRTAEAFF,YFAMYGEKVAHTHVDTLYVRYHYYTWAVLAYTWY,HLA-A*02:01,1
IVDTVSALV,CASSLWGRGDNEQFF,YFAMYGEKVAHTHVDTLYVRYHYYTWAVLAYTWY,HLA-A*02:01,1
FVDGVPFVV,CASSESGTSLYEQYF,YFAMYGEKVAHTHVDTLYVRYHYYTWAVLAYTWY,HLA-A*02:01,1
KLNIKLLGV,CASSTTGVYNEKLFF,YFAMYGEKVAHTHVDTLYVRYHYYTWAVLAYTWY,HLA-A*02:01,1
FVNEFYAYL,CSARDFTYEQYF,YFAMYGEKVAHTHVDTLYVRYHYYTWAVLAYTWY,HLA-A*02:01,1
SVLYYQNNV,CSVETESYEQYF,YFAMYGEKVAHTHVDTLYVRYHYYTWAVLAYTWY,HLA-A*02:01,1
SMQNCVLKL,CSVEDLGPGANYGYTF,YFAMYGEKVAHTHVDTLYVRYHYYTWAVLAYTWY,HLA-A*02:01,1
ITFDNLKTL,CASSLAPSPDTQYF,YFAMYGEKVAHTHVDTLYVRYHYYTWAVLAYTWY,HLA-A*02:01,1
ITFDNLKTL,CASSPLGLEGDEQYF,YFAMYGEKVAHTHVDTLYVRYHYYTWAVLAYTWY,HLA-A*02:01,1
YLEGSVRVV,CASSSRFWKINYGYTF,YFAMYGEKVAHTHVDTLYVRYHYYTWAVLAYTWY,HLA-A*02:01,1
YVWKSYVHV,CASSLSPANYNEQFF,YFAMYGEKVAHTHVDTLYVRYHYYTWAVLAYTWY,HLA-A*02:01,1
RIMASLVLA,CASSQGSGWETQYF,YFAMYGEKVAHTHVDTLYVRYHYYTWAVLAYTWY,HLA-A*02:01,1
ILFTRFFYV,CASRTPFGTGGEAFF,YFAMYGEKVAHTHVDTLYVRYHYYTWAVLAYTWY,HLA-A*02:01,1
SVLYYQNNV,CASSFGQGGYEQYF,YFAMYGEKVAHTHVDTLYVRYHYYTWAVLAYTWY,HLA-A*02:01,1
VLLSVLQQL,CASSLYRGTEAFF,YFAMYGEKVAHTHVDTLYVRYHYYTWAVLAYTWY,HLA-A*02:01,1
SVLYYQNNV,CASSSGTGDTGELFF,YFAMYGEKVAHTHVDTLYVRYHYYTWAVLAYTWY,HLA-A*02:01,1
YTERSEKSY,CASSLMGGTEAFF,YFAMYQENMAHTDANTLYIIYRDYTWVARVYRGY,HLA-A*01:01,1
LTNDNTSRY,CASTPPESLENTGELFF,YFAMYQENMAHTDANTLYIIYRDYTWVARVYRGY,HLA-A*01:01,1
QPGQTFSVL,CASSSRPGPNNEQFF,YYSEYRNIYAQTDESNLYLSYDYYTWAERAYEWY,HLA-B*07:02,1
TYHWLLLTI,CAISPTSGSIGYEQYF,YSAMYEEKVAHTDENIAYLMFHYYTWAVQAYTGY,HLA-A*24:02,1
TYHWLLLTI,CASSTEGALGNEQFF,YSAMYEEKVAHTDENIAYLMFHYYTWAVQAYTGY,HLA-A*24:02,1
SVLYYQNNV,CASSLVAGALLDTQYF,YFAMYGEKVAHTHVDTLYVRYHYYTWAVLAYTWY,HLA-A*02:01,1
SMQNCVLKL,CASSLDRDYNQPQHF,YFAMYGEKVAHTHVDTLYVRYHYYTWAVLAYTWY,HLA-A*02:01,1
FVNEFYAYL,CASSSESTDTQYF,YFAMYGEKVAHTHVDTLYVRYHYYTWAVLAYTWY,HLA-A*02:01,1
ILFTRFFYV,CATNPAGGPYNEQFF,YFAMYGEKVAHTHVDTLYVRYHYYTWAVLAYTWY,HLA-A*02:01,1
LQLGFSTGV,CASSGDPKAYEQYF,YFAMYGEKVAHTHVDTLYVRYHYYTWAVLAYTWY,HLA-A*02:01,1
YLEGSVRVV,CSAHHSSGASGGGRETQYF,YFAMYGEKVAHTHVDTLYVRYHYYTWAVLAYTWY,HLA-A*02:01,1
KLNIKLLGV,CASSPYWTGGDEKLFF,YFAMYGEKVAHTHVDTLYVRYHYYTWAVLAYTWY,HLA-A*02:01,1
GIIAMSAFA,CSARSPWLMENSPLHF,YFAMYGEKVAHTHVDTLYVRYHYYTWAVLAYTWY,HLA-A*02:01,1
KPYIKWDLL,CATSPSTGELFF,YYSEYRNIYAQTDESNLYLSYDYYTWAERAYEWY,HLA-B*07:02,1
KPYIKWDLL,CASKVQGAGHEQYF,YYSEYRNIYAQTDESNLYLSYDYYTWAERAYEWY,HLA-B*07:02,1
LMNVLTLVY,CSAFYPGAGEAFF,YFAMYQENMAHTDANTLYIIYRDYTWVARVYRGY,HLA-A*01:01,1
LTNDNTSRY,CSARVGEGNQPQHF,YFAMYQENMAHTDANTLYIIYRDYTWVARVYRGY,HLA-A*01:01,1
STDVTIATY,CAIGTGLSYEQYF,YFAMYQENMAHTDANTLYIIYRDYTWVARVYRGY,HLA-A*01:01,1
FLTENLLLY,CASSPPGGSLDTEAFF,YFAMYQENMAHTDANTLYIIYRDYTWVARVYRGY,HLA-A*01:01,1
LMNVLTLVY,CASSLGERSEQYF,YFAMYQENMAHTDANTLYIIYRDYTWVARVYRGY,HLA-A*01:01,1
STDVTIATY,CASLTGNTEAFF,YFAMYQENMAHTDANTLYIIYRDYTWVARVYRGY,HLA-A*01:01,1
FLTENLLLY,CSVRTRAYEQYF,YFAMYQENMAHTDANTLYIIYRDYTWVARVYRGY,HLA-A*01:01,1
KLNIKLLGV,CSASPEWPENTEAFF,YFAMYGEKVAHTHVDTLYVRYHYYTWAVLAYTWY,HLA-A*02:01,1
YVWKSYVHV,CASSPPLRGEAEAFF,YFAMYGEKVAHTHVDTLYVRYHYYTWAVLAYTWY,HLA-A*02:01,1
YLYALVYFL,CASSFGGVEGMNTEAFF,YFAMYGEKVAHTHVDTLYVRYHYYTWAVLAYTWY,HLA-A*02:01,1
YLYALVYFL,CASSLLGEAAVDEQFF,YFAMYGEKVAHTHVDTLYVRYHYYTWAVLAYTWY,HLA-A*02:01,1
YLYALVYFL,CASSGTSGETQYF,YFAMYGEKVAHTHVDTLYVRYHYYTWAVLAYTWY,HLA-A*02:01,1
YLYALVYFL,CASSFYGRGGKGNQETQYF,YFAMYGEKVAHTHVDTLYVRYHYYTWAVLAYTWY,HLA-A*02:01,1
YLYALVYFL,CSAYKLAGEEYGTGELFF,YFAMYGEKVAHTHVDTLYVRYHYYTWAVLAYTWY,HLA-A*02:01,1
YLYALVYFL,CASSHYSGTGPYEQYF,YFAMYGEKVAHTHVDTLYVRYHYYTWAVLAYTWY,HLA-A*02:01,1
YLYALVYFL,CASSSLIPLDYGYTF,YFAMYGEKVAHTHVDTLYVRYHYYTWAVLAYTWY,HLA-A*02:01,1
HLLLVAAGL,CASSSLLQGVDYGYTF,YFAMYGEKVAHTHVDTLYVRYHYYTWAVLAYTWY,HLA-A*02:01,1
HLLLVAAGL,CASSEDTAGNTIYF,YFAMYGEKVAHTHVDTLYVRYHYYTWAVLAYTWY,HLA-A*02:01,1
WLIVGVALL,CSARTATGGQSGYTF,YFAMYGEKVAHTHVDTLYVRYHYYTWAVLAYTWY,HLA-A*02:01,1
YLYALVYFL,CSAPGTGYNEQFF,YFAMYGEKVAHTHVDTLYVRYHYYTWAVLAYTWY,HLA-A*02:01,1
YLYALVYFL,CASTRHDRNYGYTF,YFAMYGEKVAHTHVDTLYVRYHYYTWAVLAYTWY,HLA-A*02:01,1
YLYALVYFL,CASSQLAGGLRSTDTQYF,YFAMYGEKVAHTHVDTLYVRYHYYTWAVLAYTWY,HLA-A*02:01,1
YIDIGDYTV,CSARAGSTYEQYF,YFAMYGEKVAHTHVDTLYVRYHYYTWAVLAYTWY,HLA-A*02:01,1
YIDIGDYTV,CASSESPMGTGEETQYF,YFAMYGEKVAHTHVDTLYVRYHYYTWAVLAYTWY,HLA-A*02:01,1
KVYPIILRL,CASSPRGSYWDEQYF,YFAMYGEKVAHTHVDTLYVRYHYYTWAVLAYTWY,HLA-A*02:01,1
KVYPIILRL,CASSYAIAGNLDEQFF,YFAMYGEKVAHTHVDTLYVRYHYYTWAVLAYTWY,HLA-A*02:01,1
KVYPIILRL,CASSQRTPSTGELFF,YFAMYGEKVAHTHVDTLYVRYHYYTWAVLAYTWY,HLA-A*02:01,1
KVYPIILRL,CASSLPNEQFF,YFAMYGEKVAHTHVDTLYVRYHYYTWAVLAYTWY,HLA-A*02:01,1
KVYPIILRL,CASSPGRTANYGYTF,YFAMYGEKVAHTHVDTLYVRYHYYTWAVLAYTWY,HLA-A*02:01,1
KVYPIILRL,CASSIGNVEAFF,YFAMYGEKVAHTHVDTLYVRYHYYTWAVLAYTWY,HLA-A*02:01,1
KVYPIILRL,CASSLSGAADTQYF,YFAMYGEKVAHTHVDTLYVRYHYYTWAVLAYTWY,HLA-A*02:01,1
KVYPIILRL,CSARPPAENSPLHF,YFAMYGEKVAHTHVDTLYVRYHYYTWAVLAYTWY,HLA-A*02:01,1
TTEELPDEF,CASRHSQGAPSWYQETQYF,YFAMYQENMAHTDANTLYIIYRDYTWVARVYRGY,HLA-A*01:01,1
KVYPIILRL,CASSLGRMAEAFF,YFAMYGEKVAHTHVDTLYVRYHYYTWAVLAYTWY,HLA-A*02:01,1
KVYPIILRL,CASSVSGGRTGELFF,YFAMYGEKVAHTHVDTLYVRYHYYTWAVLAYTWY,HLA-A*02:01,1
KVYPIILRL,CASSQIKTGLNTEAFF,YFAMYGEKVAHTHVDTLYVRYHYYTWAVLAYTWY,HLA-A*02:01,1
KVYPIILRL,CASSFAVYEQYF,YFAMYGEKVAHTHVDTLYVRYHYYTWAVLAYTWY,HLA-A*02:01,1
TLIVNSVLL,CASSYSRGISPYGYTF,YFAMYGEKVAHTHVDTLYVRYHYYTWAVLAYTWY,HLA-A*02:01,1
TLIVNSVLL,CASSWGTAYNSPLHF,YFAMYGEKVAHTHVDTLYVRYHYYTWAVLAYTWY,HLA-A*02:01,1
TLIVNSVLL,CASSARANTEAFF,YFAMYGEKVAHTHVDTLYVRYHYYTWAVLAYTWY,HLA-A*02:01,1
WPVTLACFV,CASSFDHRGRDEQFF,YYSEYRNIYAQTDESNLYLSYDYYTWAERAYEWY,HLA-B*07:02,1
YANRNRFLY,CASSWTGMNTEAFF,YFAMYQENMAHTDANTLYIIYRDYTWVARVYRGY,HLA-A*01:01,1
SSDNIALLV,CASSDGGSSGNTIYF,YFAMYQENMAHTDANTLYIIYRDYTWVARVYRGY,HLA-A*01:01,1
YANRNRFLY,CASSLGLAGAGELFF,YFAMYQENMAHTDANTLYIIYRDYTWVARVYRGY,HLA-A*01:01,1
WPVTLACFV,CASGLGTRQFTEAFF,YYSEYRNIYAQTDESNLYLSYDYYTWAERAYEWY,HLA-B*07:02,1
WPVTLACFV,CASSGRDYTYEQYF,YYSEYRNIYAQTDESNLYLSYDYYTWAERAYEWY,HLA-B*07:02,1
WPVTLACFV,CASSLTAAYEQYF,YYSEYRNIYAQTDESNLYLSYDYYTWAERAYEWY,HLA-B*07:02,1
WPVTLACFV,CASSPRGSAEAFF,YYSEYRNIYAQTDESNLYLSYDYYTWAERAYEWY,HLA-B*07:02,1
WPVTLACFV,CSARDRGRIGNQPQHF,YYSEYRNIYAQTDESNLYLSYDYYTWAERAYEWY,HLA-B*07:02,1
WPVTLACFV,CATQHRDIVGEPQHF,YYSEYRNIYAQTDESNLYLSYDYYTWAERAYEWY,HLA-B*07:02,1
WPVTLACFV,CASTPLFPRALRGEAFF,YYSEYRNIYAQTDESNLYLSYDYYTWAERAYEWY,HLA-B*07:02,1
WPVTLACFV,CSVPTGGYTGELFF,YYSEYRNIYAQTDESNLYLSYDYYTWAERAYEWY,HLA-B*07:02,1
WPVTLACFV,CASSDPGYYNEQFF,YYSEYRNIYAQTDESNLYLSYDYYTWAERAYEWY,HLA-B*07:02,1
WPVTLACFV,CASSLGQKNSPLHF,YYSEYRNIYAQTDESNLYLSYDYYTWAERAYEWY,HLA-B*07:02,1
WPVTLACFV,CASSLPFFLLAGNQETQYF,YYSEYRNIYAQTDESNLYLSYDYYTWAERAYEWY,HLA-B*07:02,1
WPVTLACFV,CASSVERANTDTQYF,YYSEYRNIYAQTDESNLYLSYDYYTWAERAYEWY,HLA-B*07:02,1
WPVTLACFV,CATSRVSPNYGYTF,YYSEYRNIYAQTDESNLYLSYDYYTWAERAYEWY,HLA-B*07:02,1
WPVTLACFV,CASSYPGGSENEQYF,YYSEYRNIYAQTDESNLYLSYDYYTWAERAYEWY,HLA-B*07:02,1
WPVTLACFV,CASSKWGTTGELFF,YYSEYRNIYAQTDESNLYLSYDYYTWAERAYEWY,HLA-B*07:02,1
WPVTLACFV,CASSLVIGSYTEAFF,YYSEYRNIYAQTDESNLYLSYDYYTWAERAYEWY,HLA-B*07:02,1
WPVTLACFV,CASSTGQGYTDTQYF,YYSEYRNIYAQTDESNLYLSYDYYTWAERAYEWY,HLA-B*07:02,1
WPVTLACFV,CSASKADSHMGNEQFF,YYSEYRNIYAQTDESNLYLSYDYYTWAERAYEWY,HLA-B*07:02,1
WPVTLACFV,CASSQEITGELFF,YYSEYRNIYAQTDESNLYLSYDYYTWAERAYEWY,HLA-B*07:02,1
WPVTLACFV,CASSSQDGSYEQYF,YYSEYRNIYAQTDESNLYLSYDYYTWAERAYEWY,HLA-B*07:02,1
YANRNRFLY,CASSWTGAEYEQYF,YFAMYQENMAHTDANTLYIIYRDYTWVARVYRGY,HLA-A*01:01,1
SMWSFNPET,CASSPSSGESTDTQYF,YFAMYGEKVAHTHVDTLYVRYHYYTWAVLAYTWY,HLA-A*02:01,1
YANRNRFLY,CASSPLRENTEAFF,YFAMYQENMAHTDANTLYIIYRDYTWVARVYRGY,HLA-A*01:01,1
LVGLMWLSY,CSAIPLGEPYEQYF,YFAMYQENMAHTDANTLYIIYRDYTWVARVYRGY,HLA-A*01:01,1
SVTTEILPV,CATSDVAGGGGEQFF,YFAMYGEKVAHTHVDTLYVRYHYYTWAVLAYTWY,HLA-A*02:01,1
IMLCCMTSC,CASSMGPTGYGYTF,YFAMYGEKVAHTHVDTLYVRYHYYTWAVLAYTWY,HLA-A*02:01,1
IMLCCMTSC,CASRKAPGQGGEQPQHF,YFAMYGEKVAHTHVDTLYVRYHYYTWAVLAYTWY,HLA-A*02:01,1
RLNEVAKNL,CASSLDGATNEKLFF,YFAMYGEKVAHTHVDTLYVRYHYYTWAVLAYTWY,HLA-A*02:01,1
IMLCCMTSC,CASSQEEPGTTYGYTF,YFAMYGEKVAHTHVDTLYVRYHYYTWAVLAYTWY,HLA-A*02:01,1
IMLCCMTSC,CSAGDGQGIETQYF,YFAMYGEKVAHTHVDTLYVRYHYYTWAVLAYTWY,HLA-A*02:01,1
VYAWNRKRI,CATSDDSEKLFF,YSAMYEEKVAHTDENIAYLMFHYYTWAVQAYTGY,HLA-A*24:02,1
IMLCCMTSC,CASSLDPGVASYNSPLHF,YFAMYGEKVAHTHVDTLYVRYHYYTWAVLAYTWY,HLA-A*02:01,1
SLSSTASAL,CASSLLRVSGANVLTF,YFAMYGEKVAHTHVDTLYVRYHYYTWAVLAYTWY,HLA-A*02:01,1
VFLVLLPLV,CASSEDNRGRYEQYF,YFAMYGEKVAHTHVDTLYVRYHYYTWAVLAYTWY,HLA-A*02:01,1
SVTTEILPV,CASSTTVNTEAFF,YFAMYGEKVAHTHVDTLYVRYHYYTWAVLAYTWY,HLA-A*02:01,1
VFLVLLPLV,CSDPVPGRFLVEQYF,YFAMYGEKVAHTHVDTLYVRYHYYTWAVLAYTWY,HLA-A*02:01,1
VFLVLLPLV,CASSVDGGRNNEQFF,YFAMYGEKVAHTHVDTLYVRYHYYTWAVLAYTWY,HLA-A*02:01,1
VFLVLLPLV,CASSLLGSYNEQFF,YFAMYGEKVAHTHVDTLYVRYHYYTWAVLAYTWY,HLA-A*02:01,1
VFLVLLPLV,CASSPGTSGGYNEQFF,YFAMYGEKVAHTHVDTLYVRYHYYTWAVLAYTWY,HLA-A*02:01,1
ITSGWTFGA,CSARGQGTSGVDYGYTF,YFAMYGEKVAHTHVDTLYVRYHYYTWAVLAYTWY,HLA-A*02:01,1
SVTTEILPV,CASSLWGHQPQHF,YFAMYGEKVAHTHVDTLYVRYHYYTWAVLAYTWY,HLA-A*02:01,1
IMLCCMTSC,CASSFGTRGRDTEAFF,YFAMYGEKVAHTHVDTLYVRYHYYTWAVLAYTWY,HLA-A*02:01,1
KWPWYIWLG,CASSRNPGTGTYNEQFF,YSAMYEEKVAHTDENIAYLMFHYYTWAVQAYTGY,HLA-A*24:02,1
KWPWYIWLG,CASSQDRGTWEQYF,YSAMYEEKVAHTDENIAYLMFHYYTWAVQAYTGY,HLA-A*24:02,1
VFLVLLPLV,CASSSRVHSYNEQFF,YFAMYGEKVAHTHVDTLYVRYHYYTWAVLAYTWY,HLA-A*02:01,1
IMLCCMTSC,CASSLTSGDADTQYF,YFAMYGEKVAHTHVDTLYVRYHYYTWAVLAYTWY,HLA-A*02:01,1
VFLVLLPLV,CSARDPMDRGYEQYF,YFAMYGEKVAHTHVDTLYVRYHYYTWAVLAYTWY,HLA-A*02:01,1
VFLVLLPLV,CASSSAARTGNEQFF,YFAMYGEKVAHTHVDTLYVRYHYYTWAVLAYTWY,HLA-A*02:01,1
KWPWYIWLG,CASSRDSSNNEQFF,YSAMYEEKVAHTDENIAYLMFHYYTWAVQAYTGY,HLA-A*24:02,1
IMLCCMTSC,CSARDLGGIANYGYTF,YFAMYGEKVAHTHVDTLYVRYHYYTWAVLAYTWY,HLA-A*02:01,1
VFLVLLPLV,CASSQVRGRGEQYF,YFAMYGEKVAHTHVDTLYVRYHYYTWAVLAYTWY,HLA-A*02:01,1
VFLVLLPLV,CATSPPEALWEQYF,YFAMYGEKVAHTHVDTLYVRYHYYTWAVLAYTWY,HLA-A*02:01,1
VYAWNRKRI,CASSPAQGDEQYF,YSAMYEEKVAHTDENIAYLMFHYYTWAVQAYTGY,HLA-A*24:02,1
KRWIILGLNK,CASSSSSQEQFF,YHTEYREICAKTDEDTLYLNYHDYTWAVLAYEWY,HLA-B*27:05,1
KRWIILGLNK,CASSLEPGTSSYNEQFF,YHTEYREICAKTDEDTLYLNYHDYTWAVLAYEWY,HLA-B*27:05,1
KRWIILGLNK,CSARDINPGLAYEQFF,YHTEYREICAKTDEDTLYLNYHDYTWAVLAYEWY,HLA-B*27:05,1
KRWIILGLNK,CASSPDSNNEQFF,YHTEYREICAKTDEDTLYLNYHDYTWAVLAYEWY,HLA-B*27:05,1
KRWIILGLNK,CASSQGLQGSEQFF,YHTEYREICAKTDEDTLYLNYHDYTWAVLAYEWY,HLA-B*27:05,1
KRWIILGLNK,CASSFVDSLSNQPQHF,YHTEYREICAKTDEDTLYLNYHDYTWAVLAYEWY,HLA-B*27:05,1
KRWIILGLNK,CASSLHRDTEAFF,YHTEYREICAKTDEDTLYLNYHDYTWAVLAYEWY,HLA-B*27:05,1
KRWIILGLNK,CASSLEPGTNSYNEQFF,YHTEYREICAKTDEDTLYLNYHDYTWAVLAYEWY,HLA-B*27:05,1
KRWIILGLNK,CASGDRQNSPLHF,YHTEYREICAKTDEDTLYLNYHDYTWAVLAYEWY,HLA-B*27:05,1
KRWIILGLNK,CASRGTSGTIEQFF,YHTEYREICAKTDEDTLYLNYHDYTWAVLAYEWY,HLA-B*27:05,1
KRWIILGLNK,CASSLDRNEQFF,YHTEYREICAKTDEDTLYLNYHDYTWAVLAYEWY,HLA-B*27:05,1
KRWIILGLNK,CASSQGMFDYGYTF,YHTEYREICAKTDEDTLYLNYHDYTWAVLAYEWY,HLA-B*27:05,1
KRWIILGLNK,CASSPTSGIEETQYF,YHTEYREICAKTDEDTLYLNYHDYTWAVLAYEWY,HLA-B*27:05,1
KRWIILGLNK,CASNLDRNEQFF,YHTEYREICAKTDEDTLYLNYHDYTWAVLAYEWY,HLA-B*27:05,1
KRWIILGLNK,CANSSSSQEQFF,YHTEYREICAKTDEDTLYLNYHDYTWAVLAYEWY,HLA-B*27:05,1
KRWIILGLNK,CASSLRGLAFTSSYNEQFF,YHTEYREICAKTDEDTLYLNYHDYTWAVLAYEWY,HLA-B*27:05,1
KRWIILGLNK,CASSQGQFGNEQFF,YHTEYREICAKTDEDTLYLNYHDYTWAVLAYEWY,HLA-B*27:05,1
KRWIILGLNK,CASSHGDYEQYF,YHTEYREICAKTDEDTLYLNYHDYTWAVLAYEWY,HLA-B*27:05,1
KRWIILGLNK,CASKKSTGGNTDTQYF,YHTEYREICAKTDEDTLYLNYHDYTWAVLAYEWY,HLA-B*27:05,1
KRWIILGLNK,CASSVDRDTEAFF,YHTEYREICAKTDEDTLYLNYHDYTWAVLAYEWY,HLA-B*27:05,1
KRWIILGLNK,CASSLRGLASTSSYNEQFF,YHTEYREICAKTDEDTLYLNYHDYTWAVLAYEWY,HLA-B*27:05,1
KRWIILGLNK,CASSLRGLAFSYSYNEQFF,YHTEYREICAKTDEDTLYLNYHDYTWAVLAYEWY,HLA-B*27:05,1
KRWIILGLNK,CASSSRQNTEAFF,YHTEYREICAKTDEDTLYLNYHDYTWAVLAYEWY,HLA-B*27:05,1
KRWIILGLNK,CASSDRQNTEAFF,YHTEYREICAKTDEDTLYLNYHDYTWAVLAYEWY,HLA-B*27:05,1
KRWIILGLNK,CASSHRTGELFF,YHTEYREICAKTDEDTLYLNYHDYTWAVLAYEWY,HLA-B*27:05,1
KRWIILGLNK,CASSSGLAGGREQYF,YHTEYREICAKTDEDTLYLNYHDYTWAVLAYEWY,HLA-B*27:05,1
KRWIILGLNK,CASSQGLLASLEQYF,YHTEYREICAKTDEDTLYLNYHDYTWAVLAYEWY,HLA-B*27:05,1
KRWIILGLNK,CASRRGGLEIEQYF,YHTEYREICAKTDEDTLYLNYHDYTWAVLAYEWY,HLA-B*27:05,1
KRWIILGLNK,CAGSSRQNTEAFF,YHTEYREICAKTDEDTLYLNYHDYTWAVLAYEWY,HLA-B*27:05,1
KRWIILGLNK,CASSPGQYSHEQYF,YHTEYREICAKTDEDTLYLNYHDYTWAVLAYEWY,HLA-B*27:05,1
KRWIILGLNK,CASSRNNIEAFF,YHTEYREICAKTDEDTLYLNYHDYTWAVLAYEWY,HLA-B*27:05,1
KRWIILGLNK,CASSLRLLLYEQYF,YHTEYREICAKTDEDTLYLNYHDYTWAVLAYEWY,HLA-B*27:05,1
KRWIILGLNK,CATSGITGELFF,YHTEYREICAKTDEDTLYLNYHDYTWAVLAYEWY,HLA-B*27:05,1
KRWIILGLNK,CASSLRGIQTDSYNEQFF,YHTEYREICAKTDEDTLYLNYHDYTWAVLAYEWY,HLA-B*27:05,1
KRWIILGLNK,CASSLRGIQTDSHNEQFF,YHTEYREICAKTDEDTLYLNYHDYTWAVLAYEWY,HLA-B*27:05,1
KRWIILGLNK,CASSPGTGGDYGYTF,YHTEYREICAKTDEDTLYLNYHDYTWAVLAYEWY,HLA-B*27:05,1
KRWIILGLNK,CGSSPGQYSHEQYF,YHTEYREICAKTDEDTLYLNYHDYTWAVLAYEWY,HLA-B*27:05,1
KRWIILGLNK,CVSSQGQFGNEQFF,YHTEYREICAKTDEDTLYLNYHDYTWAVLAYEWY,HLA-B*27:05,1
KRWIILGLNK,CATSGITRELFF,YHTEYREICAKTDEDTLYLNYHDYTWAVLAYEWY,HLA-B*27:05,1
KRWIILGLNK,CASSSQENTEAFF,YHTEYREICAKTDEDTLYLNYHDYTWAVLAYEWY,HLA-B*27:05,1
KRWIILGLNK,CASSDRQNSPLHF,YHTEYREICAKTDEDTLYLNYHDYTWAVLAYEWY,HLA-B*27:05,1
KRWIILGLNK,CASSLDPPAGVSPLHF,YHTEYREICAKTDEDTLYLNYHDYTWAVLAYEWY,HLA-B*27:05,1
KRWIILGLNK,CASSQGQLNTQYF,YHTEYREICAKTDEDTLYLNYHDYTWAVLAYEWY,HLA-B*27:05,1
KRWIILGLNK,CASSLGEQPQHF,YHTEYREICAKTDEDTLYLNYHDYTWAVLAYEWY,HLA-B*27:05,1
KRWIILGLNK,CASSTRQNTEAFF,YHTEYREICAKTDEDTLYLNYHDYTWAVLAYEWY,HLA-B*27:05,1
KRWIILGLNK,CASSQGRRSIEQFF,YHTEYREICAKTDEDTLYLNYHDYTWAVLAYEWY,HLA-B*27:05,1
KRWIILGLNK,CASSSRTGELFF,YHTEYREICAKTDEDTLYLNYHDYTWAVLAYEWY,HLA-B*27:05,1
KRWIILGLNK,CASSPGVLGNTIYF,YHTEYREICAKTDEDTLYLNYHDYTWAVLAYEWY,HLA-B*27:05,1
KRWIILGLNK,CASSTRQNAEAFF,YHTEYREICAKTDEDTLYLNYHDYTWAVLAYEWY,HLA-B*27:05,1
KRWIILGLNK,CASSPYSGSYEQYF,YHTEYREICAKTDEDTLYLNYHDYTWAVLAYEWY,HLA-B*27:05,1
KRWIILGLNK,CASGLGPSGTEAFF,YHTEYREICAKTDEDTLYLNYHDYTWAVLAYEWY,HLA-B*27:05,1
KRWIILGLNK,CSARTLEGILTTGETQYF,YHTEYREICAKTDEDTLYLNYHDYTWAVLAYEWY,HLA-B*27:05,1
KRWIILGLNK,CASSPRTGELFF,YHTEYREICAKTDEDTLYLNYHDYTWAVLAYEWY,HLA-B*27:05,1
KRWIILGLNK,CASSLGTSAYEQYF,YHTEYREICAKTDEDTLYLNYHDYTWAVLAYEWY,HLA-B*27:05,1
KRWIILGLNK,CTRAYNQPQHF,YHTEYREICAKTDEDTLYLNYHDYTWAVLAYEWY,HLA-B*27:05,1
KRWIILGLNK,CASTIPPGTSVSGELFF,YHTEYREICAKTDEDTLYLNYHDYTWAVLAYEWY,HLA-B*27:05,1
KRWIILGLNK,CASSKCRDKSYEQYF,YHTEYREICAKTDEDTLYLNYHDYTWAVLAYEWY,HLA-B*27:05,1
KRWIILGLNK,CASGSGLANNEQFF,YHTEYREICAKTDEDTLYLNYHDYTWAVLAYEWY,HLA-B*27:05,1
KRWIILGLNK,CASSEGNTGELFF,YHTEYREICAKTDEDTLYLNYHDYTWAVLAYEWY,HLA-B*27:05,1
KRWIILGLNK,CASSRHTGELFF,YHTEYREICAKTDEDTLYLNYHDYTWAVLAYEWY,HLA-B*27:05,1
KRWIILGLNK,CASRPSNTEAFF,YHTEYREICAKTDEDTLYLNYHDYTWAVLAYEWY,HLA-B*27:05,1
KRWIILGLNK,CASSLDRNEQYF,YHTEYREICAKTDEDTLYLNYHDYTWAVLAYEWY,HLA-B*27:05,1
KRWIILGLNK,CSARTEGILTTGEAQYF,YHTEYREICAKTDEDTLYLNYHDYTWAVLAYEWY,HLA-B*27:05,1
KRWIILGLNK,CASTIPPRTSVSGELFF,YHTEYREICAKTDEDTLYLNYHDYTWAVLAYEWY,HLA-B*27:05,1
KRWIILGLNK,CASSPGLATDNEQFF,YHTEYREICAKTDEDTLYLNYHDYTWAVLAYEWY,HLA-B*27:05,1
KRWIILGLNK,CASSRADLSYEQYF,YHTEYREICAKTDEDTLYLNYHDYTWAVLAYEWY,HLA-B*27:05,1
KRWIILGLNK,CASSPGAYGNTIYF,YHTEYREICAKTDEDTLYLNYHDYTWAVLAYEWY,HLA-B*27:05,1
KRWIILGLNK,CASSLGTSANEQYF,YHTEYREICAKTDEDTLYLNYHDYTWAVLAYEWY,HLA-B*27:05,1
KRWIILGLNK,CASSQGRRSNEQFF,YHTEYREICAKTDEDTLYLNYHDYTWAVLAYEWY,HLA-B*27:05,1
KRWIILGLNK,CASSRRTGELFF,YHTEYREICAKTDEDTLYLNYHDYTWAVLAYEWY,HLA-B*27:05,1
KRWIILGLNK,CASSQRTGELFF,YHTEYREICAKTDEDTLYLNYHDYTWAVLAYEWY,HLA-B*27:05,1
KRWIILGLNK,CASSFDSYEQYF,YHTEYREICAKTDEDTLYLNYHDYTWAVLAYEWY,HLA-B*27:05,1
KRWIILGLNK,CASSPRSLSYEQYF,YHTEYREICAKTDEDTLYLNYHDYTWAVLAYEWY,HLA-B*27:05,1
KRWIILGLNK,CASSQGTSDYEQYF,YHTEYREICAKTDEDTLYLNYHDYTWAVLAYEWY,HLA-B*27:05,1
KRWIILGLNK,CASSGNTGELFF,YHTEYREICAKTDEDTLYLNYHDYTWAVLAYEWY,HLA-B*27:05,1
KRWIILGLNK,CASSKCRGKSYEQYF,YHTEYREICAKTDEDTLYLNYHDYTWAVLAYEWY,HLA-B*27:05,1
KRWIILGLNK,CASSYRTGELFF,YHTEYREICAKTDEDTLYLNYHDYTWAVLAYEWY,HLA-B*27:05,1
KRWIILGLNK,CASSRSTGELFF,YHTEYREICAKTDEDTLYLNYHDYTWAVLAYEWY,HLA-B*27:05,1
KRWIILGLNK,CASSYDRNEQFF,YHTEYREICAKTDEDTLYLNYHDYTWAVLAYEWY,HLA-B*27:05,1
KRWIILGLNK,CASSHLDSPISNQPQHF,YHTEYREICAKTDEDTLYLNYHDYTWAVLAYEWY,HLA-B*27:05,1
KRWIILGLNK,CASSLGQQISGNTMY,YHTEYREICAKTDEDTLYLNYHDYTWAVLAYEWY,HLA-B*27:05,1
KRWIILGLNK,CASSQDVLAGGREQYF,YHTEYREICAKTDEDTLYLNYHDYTWAVLAYEWY,HLA-B*27:05,1
KRWIILGLNK,CSVEGGTSGSYEQYF,YHTEYREICAKTDEDTLYLNYHDYTWAVLAYEWY,HLA-B*27:05,1
KRWIILGLNK,CASSLLGGDLYEQYF,YHTEYREICAKTDEDTLYLNYHDYTWAVLAYEWY,HLA-B*27:05,1
KRWIILGLNK,CASSQGTSDLYEQYF,YHTEYREICAKTDEDTLYLNYHDYTWAVLAYEWY,HLA-B*27:05,1
KRWIILGLNK,CASSLGTSDLYEQYF,YHTEYREICAKTDEDTLYLNYHDYTWAVLAYEWY,HLA-B*27:05,1
KRWIILGLNK,CASSVADLSYEQYF,YHTEYREICAKTDEDTLYLNYHDYTWAVLAYEWY,HLA-B*27:05,1
KRWIILGLNK,CASSQGVAGAEQYF,YHTEYREICAKTDEDTLYLNYHDYTWAVLAYEWY,HLA-B*27:05,1
KRWIILGLNK,CASSPGTSAYEQYF,YHTEYREICAKTDEDTLYLNYHDYTWAVLAYEWY,HLA-B*27:05,1
KRWIILGLNK,CASSPGLSGNTIYF,YHTEYREICAKTDEDTLYLNYHDYTWAVLAYEWY,HLA-B*27:05,1
KRWIILGLNK,CASSSLDTGELFF,YHTEYREICAKTDEDTLYLNYHDYTWAVLAYEWY,HLA-B*27:05,1
KRWIILGLNK,CASSPGDGQPQHF,YHTEYREICAKTDEDTLYLNYHDYTWAVLAYEWY,HLA-B*27:05,1
KRWIILGLNK,CASSGTLEGGYTF,YHTEYREICAKTDEDTLYLNYHDYTWAVLAYEWY,HLA-B*27:05,1
KRWIILGLNK,CASSFGQGYEQFF,YHTEYREICAKTDEDTLYLNYHDYTWAVLAYEWY,HLA-B*27:05,1
KRWIILGLNK,CASSGTTGELFF,YHTEYREICAKTDEDTLYLNYHDYTWAVLAYEWY,HLA-B*27:05,1
KRWIILGLNK,CSARTSDFEQFF,YHTEYREICAKTDEDTLYLNYHDYTWAVLAYEWY,HLA-B*27:05,1
KRWIILGLNK,CASTYDRDEQYF,YHTEYREICAKTDEDTLYLNYHDYTWAVLAYEWY,HLA-B*27:05,1
KRWIILGLNK,CASSLDRGDQY,YHTEYREICAKTDEDTLYLNYHDYTWAVLAYEWY,HLA-B*27:05,1
KRWIILGLNK,CASSQGLAGREQYF,YHTEYREICAKTDEDTLYLNYHDYTWAVLAYEWY,HLA-B*27:05,1
KRWIILGLNK,CATSDVNGAYEQYF,YHTEYREICAKTDEDTLYLNYHDYTWAVLAYEWY,HLA-B*27:05,1
KRWIILGLNK,CASSAESTRLTDTQYF,YHTEYREICAKTDEDTLYLNYHDYTWAVLAYEWY,HLA-B*27:05,1
KRWIILGLNK,CASSLGQRSTEAFF,YHTEYREICAKTDEDTLYLNYHDYTWAVLAYEWY,HLA-B*27:05,1
KRWIILGLNK,CASSSYRGGGTEAFF,YHTEYREICAKTDEDTLYLNYHDYTWAVLAYEWY,HLA-B*27:05,1
KRWIILGLNK,CASSRADDSYEQYF,YHTEYREICAKTDEDTLYLNYHDYTWAVLAYEWY,HLA-B*27:05,1
KRWIILGLNK,CASSQGTSDYGQYF,YHTEYREICAKTDEDTLYLNYHDYTWAVLAYEWY,HLA-B*27:05,1
KRWIILGLNK,CASSYGTGELFF,YHTEYREICAKTDEDTLYLNYHDYTWAVLAYEWY,HLA-B*27:05,1
QIKVRVDMV,CASSTQVSEPNTGELFF,YDSEYRNIFTNTDESNLYLSYNYYTWAVDAYTWY,HLA-B*08,1
QIKVRVDMV,CASSVQRQTANTGELFF,YDSEYRNIFTNTDESNLYLSYNYYTWAVDAYTWY,HLA-B*08,1
QIKVRVDMV,CASGPRAGAYNEQFF,YDSEYRNIFTNTDESNLYLSYNYYTWAVDAYTWY,HLA-B*08,1
QIKVRVDMV,CASSGTGRLTMNTEAFF,YDSEYRNIFTNTDESNLYLSYNYYTWAVDAYTWY,HLA-B*08,1
QIKVRVDMV,CASSLTLAGNQPQHF,YDSEYRNIFTNTDESNLYLSYNYYTWAVDAYTWY,HLA-B*08,1
TPQDLNTML,CASSQEGGGDGQPPHF,YYSEYRNIYAQTDESNLYLSYNYYTWAVDAYTWY,HLA-B*42:01,1
HSKKKCDEL,CAIRAGGDEQF,YDSEYRNIFTNTDESNLYLSYNYYTWAVDAYTWY,HLA-B*08:01,1
HSKKKCDEL,CAIRTGGDEQF,YDSEYRNIFTNTDESNLYLSYNYYTWAVDAYTWY,HLA-B*08:01,1
HSKKKCDEL,CAISDEGRNTEAF,YDSEYRNIFTNTDESNLYLSYNYYTWAVDAYTWY,HLA-B*08:01,1
HSKKKCDEL,CAISETDKLGF,YDSEYRNIFTNTDESNLYLSYNYYTWAVDAYTWY,HLA-B*08:01,1
HSKKKCDEL,CAISGGSGDNEQF,YDSEYRNIFTNTDESNLYLSYNYYTWAVDAYTWY,HLA-B*08:01,1
HSKKKCDEL,CAISGGVRSTYNEQF,YDSEYRNIFTNTDESNLYLSYNYYTWAVDAYTWY,HLA-B*08:01,1
HSKKKCDEL,CAISGMGQRDNEQF,YDSEYRNIFTNTDESNLYLSYNYYTWAVDAYTWY,HLA-B*08:01,1
HSKKKCDEL,CAISSGTKSTEAF,YDSEYRNIFTNTDESNLYLSYNYYTWAVDAYTWY,HLA-B*08:01,1
HSKKKCDEL,CASSHRQGGTGELF,YDSEYRNIFTNTDESNLYLSYNYYTWAVDAYTWY,HLA-B*08:01,1
HSKKKCDEL,CASSNRQGGTGELF,YDSEYRNIFTNTDESNLYLSYNYYTWAVDAYTWY,HLA-B*08:01,1
HSKKKCDEL,CASSPRQGGTGELF,YDSEYRNIFTNTDESNLYLSYNYYTWAVDAYTWY,HLA-B*08:01,1
HSKKKCDEL,CASSRLTVDRSDTGELF,YDSEYRNIFTNTDESNLYLSYNYYTWAVDAYTWY,HLA-B*08:01,1
HSKKKCDEL,CASSRRGRDDEKLF,YDSEYRNIFTNTDESNLYLSYNYYTWAVDAYTWY,HLA-B*08:01,1
HSKKKCDEL,CASSSRQGGTGELF,YDSEYRNIFTNTDESNLYLSYNYYTWAVDAYTWY,HLA-B*08:01,1
KRWIILGLNK,CAISEYGASPLHF,YHTEYREICAKTDEDTLYLNYHDYTWAVLAYEWY,HLA-B*27:05,1
KRWIILGLNK,CARREANYGYTF,YHTEYREICAKTDEDTLYLNYHDYTWAVLAYEWY,HLA-B*27:05,1
KRWIILGLNK,CASAMTGEGYGYTF,YHTEYREICAKTDEDTLYLNYHDYTWAVLAYEWY,HLA-B*27:05,1
KRWIILGLNK,CASMGGANTEAF,YHTEYREICAKTDEDTLYLNYHDYTWAVLAYEWY,HLA-B*27:05,1
KRWIILGLNK,CASSEGAYEQYF,YHTEYREICAKTDEDTLYLNYHDYTWAVLAYEWY,HLA-B*27:05,1
KRWIILGLNK,CASSFGQGAIEQYF,YHTEYREICAKTDEDTLYLNYHDYTWAVLAYEWY,HLA-B*27:05,1
KRWIILGLNK,CASSGGAHTEAF,YHTEYREICAKTDEDTLYLNYHDYTWAVLAYEWY,HLA-B*27:05,1
KRWIILGLNK,CASSGQLLEAF,YHTEYREICAKTDEDTLYLNYHDYTWAVLAYEWY,HLA-B*27:05,1
KRWIILGLNK,CASSLDHLAGVNNEQF,YHTEYREICAKTDEDTLYLNYHDYTWAVLAYEWY,HLA-B*27:05,1
KRWIILGLNK,CASSLEGSRNTEAF,YHTEYREICAKTDEDTLYLNYHDYTWAVLAYEWY,HLA-B*27:05,1
KRWIILGLNK,CASSLGGLDIEQYF,YHTEYREICAKTDEDTLYLNYHDYTWAVLAYEWY,HLA-B*27:05,1
KRWIILGLNK,CASSLGGTNHGYTF,YHTEYREICAKTDEDTLYLNYHDYTWAVLAYEWY,HLA-B*27:05,1
KRWIILGLNK,CASSLSSDEHGYTF,YHTEYREICAKTDEDTLYLNYHDYTWAVLAYEWY,HLA-B*27:05,1
KRWIILGLNK,CASSLVGSYNEQF,YHTEYREICAKTDEDTLYLNYHDYTWAVLAYEWY,HLA-B*27:05,1
KRWIILGLNK,CASSLVLAIEQYF,YHTEYREICAKTDEDTLYLNYHDYTWAVLAYEWY,HLA-B*27:05,1
KRWIILGLNK,CASSMGQNSNEQYF,YHTEYREICAKTDEDTLYLNYHDYTWAVLAYEWY,HLA-B*27:05,1
KRWIILGLNK,CASSPGTGKNIQYF,YHTEYREICAKTDEDTLYLNYHDYTWAVLAYEWY,HLA-B*27:05,1
KRWIILGLNK,CASSQAQGLSNSPLHF,YHTEYREICAKTDEDTLYLNYHDYTWAVLAYEWY,HLA-B*27:05,1
KRWIILGLNK,CASSQDGVYSNQPQHF,YHTEYREICAKTDEDTLYLNYHDYTWAVLAYEWY,HLA-B*27:05,1
KRWIILGLNK,CASSQEGVNTEAF,YHTEYREICAKTDEDTLYLNYHDYTWAVLAYEWY,HLA-B*27:05,1
KRWIILGLNK,CASSQGLSSNEQF,YHTEYREICAKTDEDTLYLNYHDYTWAVLAYEWY,HLA-B*27:05,1
KRWIILGLNK,CASSQGQYGNEQF,YHTEYREICAKTDEDTLYLNYHDYTWAVLAYEWY,HLA-B*27:05,1
KRWIILGLNK,CASSQPPDRGYGYTF,YHTEYREICAKTDEDTLYLNYHDYTWAVLAYEWY,HLA-B*27:05,1
KRWIILGLNK,CASSRTQGPNTDTQYF,YHTEYREICAKTDEDTLYLNYHDYTWAVLAYEWY,HLA-B*27:05,1
KRWIILGLNK,CASSSKTGELF,YHTEYREICAKTDEDTLYLNYHDYTWAVLAYEWY,HLA-B*27:05,1
KRWIILGLNK,CASSSRTGELF,YHTEYREICAKTDEDTLYLNYHDYTWAVLAYEWY,HLA-B*27:05,1
KRWIILGLNK,CASSSTRGTEAF,YHTEYREICAKTDEDTLYLNYHDYTWAVLAYEWY,HLA-B*27:05,1
KRWIILGLNK,CASSTTSGRYEQYF,YHTEYREICAKTDEDTLYLNYHDYTWAVLAYEWY,HLA-B*27:05,1
KRWIILGLNK,CASSVLGTSGGAEQF,YHTEYREICAKTDEDTLYLNYHDYTWAVLAYEWY,HLA-B*27:05,1
KRWIILGLNK,CATSETGELF,YHTEYREICAKTDEDTLYLNYHDYTWAVLAYEWY,HLA-B*27:05,1
KRWIILGLNK,CATSGVTGELF,YHTEYREICAKTDEDTLYLNYHDYTWAVLAYEWY,HLA-B*27:05,1
KRWIILGLNK,CSARREANYGYTF,YHTEYREICAKTDEDTLYLNYHDYTWAVLAYEWY,HLA-B*27:05,1
KRWIILGLNK,CASSGLAGLGQF,YHTEYREICAKTYENTAYLNYHDYTWAVLAYEWY,HLA-B*27,1
KRWIILGLNK,CASSLVLATEQYF,YHTEYREICAKTYENTAYLNYHDYTWAVLAYEWY,HLA-B*27,1
KRWIILGLNK,CASSQDQTLYFMNTEAF,YHTEYREICAKTYENTAYLNYHDYTWAVLAYEWY,HLA-B*27,1
KRWIILGLNK,CASSQGQLGNTLYF,YHTEYREICAKTYENTAYLNYHDYTWAVLAYEWY,HLA-B*27,1
KRWIILGLNK,CATSRDGAGSNEKLF,YHTEYREICAKTYENTAYLNYHDYTWAVLAYEWY,HLA-B*27,1
KRWIILGLNK,CASGGGTVYEQYF,YHTEYREICAKTDEDTLYLNYHDYTWAVLAYEWY,HLA-B*27:05,1
KRWIILGLNK,CASRPGLASNEQF,YHTEYREICAKTDEDTLYLNYHDYTWAVLAYEWY,HLA-B*27:05,1
KRWIILGLNK,CASRPGQGATEAF,YHTEYREICAKTDEDTLYLNYHDYTWAVLAYEWY,HLA-B*27:05,1
KRWIILGLNK,CASSAGPGQYGNTIYF,YHTEYREICAKTDEDTLYLNYHDYTWAVLAYEWY,HLA-B*27:05,1
KRWIILGLNK,CASSARTGELF,YHTEYREICAKTDEDTLYLNYHDYTWAVLAYEWY,HLA-B*27:05,1
KRWIILGLNK,CASSEADFEAFF,YHTEYREICAKTDEDTLYLNYHDYTWAVLAYEWY,HLA-B*27:05,1
KRWIILGLNK,CASSEDRDTEAFF,YHTEYREICAKTDEDTLYLNYHDYTWAVLAYEWY,HLA-B*27:05,1
KRWIILGLNK,CASSGGRRAF,YHTEYREICAKTDEDTLYLNYHDYTWAVLAYEWY,HLA-B*27:05,1
KRWIILGLNK,CASSGGRRAFF,YHTEYREICAKTDEDTLYLNYHDYTWAVLAYEWY,HLA-B*27:05,1
KRWIILGLNK,CASSGGVFYGYTF,YHTEYREICAKTDEDTLYLNYHDYTWAVLAYEWY,HLA-B*27:05,1
KRWIILGLNK,CASSGSNLEAF,YHTEYREICAKTDEDTLYLNYHDYTWAVLAYEWY,HLA-B*27:05,1
KRWIILGLNK,CASSLAGGDSYEQYF,YHTEYREICAKTDEDTLYLNYHDYTWAVLAYEWY,HLA-B*27:05,1
KRWIILGLNK,CASSLDRLEQF,YHTEYREICAKTDEDTLYLNYHDYTWAVLAYEWY,HLA-B*27:05,1
KRWIILGLNK,CASSLEGGANLF,YHTEYREICAKTDEDTLYLNYHDYTWAVLAYEWY,HLA-B*27:05,1
KRWIILGLNK,CASSLEGRYSNQPQHF,YHTEYREICAKTDEDTLYLNYHDYTWAVLAYEWY,HLA-B*27:05,1
KRWIILGLNK,CASSLGTGKVEGYTF,YHTEYREICAKTDEDTLYLNYHDYTWAVLAYEWY,HLA-B*27:05,1
KRWIILGLNK,CASSLLAGGTDTQYF,YHTEYREICAKTDEDTLYLNYHDYTWAVLAYEWY,HLA-B*27:05,1
KRWIILGLNK,CASSLSGRWSTDTQYF,YHTEYREICAKTDEDTLYLNYHDYTWAVLAYEWY,HLA-B*27:05,1
KRWIILGLNK,CASSLTNLGEQYF,YHTEYREICAKTDEDTLYLNYHDYTWAVLAYEWY,HLA-B*27:05,1
KRWIILGLNK,CASSPEGPRAIEQF,YHTEYREICAKTDEDTLYLNYHDYTWAVLAYEWY,HLA-B*27:05,1
KRWIILGLNK,CASSPGQFSHEQYF,YHTEYREICAKTDEDTLYLNYHDYTWAVLAYEWY,HLA-B*27:05,1
KRWIILGLNK,CASSPGTNAYEQYF,YHTEYREICAKTDEDTLYLNYHDYTWAVLAYEWY,HLA-B*27:05,1
KRWIILGLNK,CASSPGTSTYEQYF,YHTEYREICAKTDEDTLYLNYHDYTWAVLAYEWY,HLA-B*27:05,1
KRWIILGLNK,CASSPLGNSGNTIYF,YHTEYREICAKTDEDTLYLNYHDYTWAVLAYEWY,HLA-B*27:05,1
KRWIILGLNK,CASSPLGVRAYEQYF,YHTEYREICAKTDEDTLYLNYHDYTWAVLAYEWY,HLA-B*27:05,1
KRWIILGLNK,CASSPRTGELF,YHTEYREICAKTDEDTLYLNYHDYTWAVLAYEWY,HLA-B*27:05,1
KRWIILGLNK,CASSQARASHLIF,YHTEYREICAKTDEDTLYLNYHDYTWAVLAYEWY,HLA-B*27:05,1
KRWIILGLNK,CASSQGSGSGNTIYF,YHTEYREICAKTDEDTLYLNYHDYTWAVLAYEWY,HLA-B*27:05,1
KRWIILGLNK,CASSQRTGELF,YHTEYREICAKTDEDTLYLNYHDYTWAVLAYEWY,HLA-B*27:05,1
KRWIILGLNK,CASSQVLRGVYGYTF,YHTEYREICAKTDEDTLYLNYHDYTWAVLAYEWY,HLA-B*27:05,1
KRWIILGLNK,CASSRATGELF,YHTEYREICAKTDEDTLYLNYHDYTWAVLAYEWY,HLA-B*27:05,1
KRWIILGLNK,CASSRDSNEQF,YHTEYREICAKTDEDTLYLNYHDYTWAVLAYEWY,HLA-B*27:05,1
KRWIILGLNK,CASSRTTGELF,YHTEYREICAKTDEDTLYLNYHDYTWAVLAYEWY,HLA-B*27:05,1
KRWIILGLNK,CASSSPDRTYGYT,YHTEYREICAKTDEDTLYLNYHDYTWAVLAYEWY,HLA-B*27:05,1
KRWIILGLNK,CASSSSGGAGDTQYF,YHTEYREICAKTDEDTLYLNYHDYTWAVLAYEWY,HLA-B*27:05,1
KRWIILGLNK,CASSVVRGNPNEQF,YHTEYREICAKTDEDTLYLNYHDYTWAVLAYEWY,HLA-B*27:05,1
KRWIILGLNK,CASTNRGSEQYF,YHTEYREICAKTDEDTLYLNYHDYTWAVLAYEWY,HLA-B*27:05,1
KRWIILGLNK,CATLGGFPDGYTF,YHTEYREICAKTDEDTLYLNYHDYTWAVLAYEWY,HLA-B*27:05,1
KRWIILGLNK,CATSETGTTLEQYF,YHTEYREICAKTDEDTLYLNYHDYTWAVLAYEWY,HLA-B*27:05,1
KRWIILGLNK,CATSRELTGGPSYEQYF,YHTEYREICAKTDEDTLYLNYHDYTWAVLAYEWY,HLA-B*27:05,1
KRWIILGLNK,CSAPTTEVAGSTDTQYF,YHTEYREICAKTDEDTLYLNYHDYTWAVLAYEWY,HLA-B*27:05,1
KRWIILGLNK,CSARDGGEQYF,YHTEYREICAKTDEDTLYLNYHDYTWAVLAYEWY,HLA-B*27:05,1
KRWIILGLNK,CSARDRGTREVADNYGYTF,YHTEYREICAKTDEDTLYLNYHDYTWAVLAYEWY,HLA-B*27:05,1
KRWIILGLNK,CSARDRTRANYGYTF,YHTEYREICAKTDEDTLYLNYHDYTWAVLAYEWY,HLA-B*27:05,1
KRWIILGLNK,CSAREGLAGVLYEQYF,YHTEYREICAKTDEDTLYLNYHDYTWAVLAYEWY,HLA-B*27:05,1
KRWIILGLNK,CSAREGVEGYTF,YHTEYREICAKTDEDTLYLNYHDYTWAVLAYEWY,HLA-B*27:05,1
IPSINVHHY,CASSGTGTEAF,YYATYRNIFTNTYESNLYIRYDSYTWAVLAYLWY,HLA-B*35:01,1
QIKVRVDMV,CASSGVEGITVNTEAF,YDSEYRNIFTNTDESNLYLSYNYYTWAVDAYTWY,HLA-B*08:01,1
IPSINVHHY,CASSHTGAEAF,YYATYRNIFTNTYESNLYIRYDSYTWAVLAYLWY,HLA-B*35:01,1
IPSINVHHY,CASSKTGTEAF,YYATYRNIFTNTYESNLYIRYDSYTWAVLAYLWY,HLA-B*35:01,1
IPSINVHHY,CASSLALDEQF,YYATYRNIFTNTYESNLYIRYDSYTWAVLAYLWY,HLA-B*35:01,1
IPSINVHHY,CASSLDLGSTEAF,YYATYRNIFTNTYESNLYIRYDSYTWAVLAYLWY,HLA-B*35:01,1
IPSINVHHY,CASSLTGSEAF,YYATYRNIFTNTYESNLYIRYDSYTWAVLAYLWY,HLA-B*35:01,1
IPSINVHHY,CASSLTGTEAF,YYATYRNIFTNTYESNLYIRYDSYTWAVLAYLWY,HLA-B*35:01,1
IPSINVHHY,CASSPDLGSTEAF,YYATYRNIFTNTYESNLYIRYDSYTWAVLAYLWY,HLA-B*35:01,1
IPSINVHHY,CASSPGTEQF,YYATYRNIFTNTYESNLYIRYDSYTWAVLAYLWY,HLA-B*35:01,1
IPSINVHHY,CASSPTGGELF,YYATYRNIFTNTYESNLYIRYDSYTWAVLAYLWY,HLA-B*35:01,1
QIKVRVDMV,CASSRAGAYNEQF,YDSEYRNIFTNTDESNLYLSYNYYTWAVDAYTWY,HLA-B*08:01,1
IPSINVHHY,CASSYSTAGELF,YYATYRNIFTNTYESNLYIRYDSYTWAVLAYLWY,HLA-B*35:01,1
IPSINVHHY,CASSYTGSEAF,YYATYRNIFTNTYESNLYIRYDSYTWAVLAYLWY,HLA-B*35:01,1
QIKVRVDMV,CATSVPSGRSYNEQF,YDSEYRNIFTNTDESNLYLSYNYYTWAVDAYTWY,HLA-B*08:01,1
TPQDLNTML,CASSFGGTTEAF,YYSEYRNIYAQTDESNLYLSYNYYTWAVDAYTWY,HLA-B*42:01,1
TPQDLNTML,CASSFGLDEAF,YYSEYRNIYAQTDESNLYLSYNYYTWAVDAYTWY,HLA-B*42:01,1
TPQDLNTML,CASSFSKNTEAF,YYSEYRNIYAQTDESNLYLSYNYYTWAVDAYTWY,HLA-B*42:01,1
TPQDLNTML,CASSHSKNTEAF,YYSEYRNIYAQTDESNLYLSYNYYTWAVDAYTWY,HLA-B*42:01,1
TPQDLNTML,CASSLDPEKGAF,YYSEYRNIYAQTDESNLYLSYNYYTWAVDAYTWY,HLA-B*42:01,1
TPQDLNTML,CASSLGPTEAF,YYSEYRNIYAQTDESNLYLSYNYYTWAVDAYTWY,HLA-B*42:01,1
TPQDLNTML,CASSLRHLASDYNSPLHF,YYSEYRNIYAQTDESNLYLSYNYYTWAVDAYTWY,HLA-B*42:01,1
TPQDLNTML,CASSLSDVSWNTEAF,YYSEYRNIYAQTDESNLYLSYNYYTWAVDAYTWY,HLA-B*42:01,1
TPQDLNTML,CASSLSFTEAF,YYSEYRNIYAQTDESNLYLSYNYYTWAVDAYTWY,HLA-B*42:01,1
TPQDLNTML,CASSLSKNTEAF,YYSEYRNIYAQTDESNLYLSYNYYTWAVDAYTWY,HLA-B*42:01,1
TPQDLNTML,CASSLVFGTAGGQQF,YYSEYRNIYAQTDESNLYLSYNYYTWAVDAYTWY,HLA-B*42:01,1
TPQDLNTML,CASSPGNTEAF,YYSEYRNIYAQTDESNLYLSYNYYTWAVDAYTWY,HLA-B*42:01,1
TPQDLNTML,CASSQGPTEAF,YYSEYRNIYAQTDESNLYLSYNYYTWAVDAYTWY,HLA-B*42:01,1
TPQDLNTML,CASSSQTSGLFANTGELF,YYSEYRNIYAQTDESNLYLSYNYYTWAVDAYTWY,HLA-B*42:01,1
TPQDLNTML,CASSVGPNEQF,YYSEYRNIYAQTDESNLYLSYNYYTWAVDAYTWY,HLA-B*42:01,1
TPQDLNTML,CASSWTETGELF,YYSEYRNIYAQTDESNLYLSYNYYTWAVDAYTWY,HLA-B*42:01,1
TPQDLNTML,CATHAGTGELF,YYSEYRNIYAQTDESNLYLSYNYYTWAVDAYTWY,HLA-B*42:01,1
TPQDLNTML,CSVRTHQGPTNEKLF,YYSEYRNIYAQTDESNLYLSYNYYTWAVDAYTWY,HLA-B*42:01,1
TPQDLNTML,CTSSLVFGTAGGRQF,YYSEYRNIYAQTDESNLYLSYNYYTWAVDAYTWY,HLA-B*42:01,1
AVGSYVYSV,CASSLGNGGWAEAFF,YFAMYGEKVAHTHVDTLYVRYHYYTWAVLAYTWY,HLA-A*02,1
AVGSYVYSV,CASSRDGFEKLFF,YFAMYGEKVAHTHVDTLYVRYHYYTWAVLAYTWY,HLA-A*02,1
AVGSYVYSV,CASSVEGAHPIQETQYF,YFAMYGEKVAHTHVDTLYVRYHYYTWAVLAYTWY,HLA-A*02,1
AVGSYVYSV,CASSLATEQFF,YFAMYGEKVAHTHVDTLYVRYHYYTWAVLAYTWY,HLA-A*02,1
AVGSYVYSV,CASSVEGSTEAFF,YFAMYGEKVAHTHVDTLYVRYHYYTWAVLAYTWY,HLA-A*02,1
AVGSYVYSV,CASSVEGSGETQYF,YFAMYGEKVAHTHVDTLYVRYHYYTWAVLAYTWY,HLA-A*02,1
AVGSYVYSV,CASSLGDRGPQPQHF,YFAMYGEKVAHTHVDTLYVRYHYYTWAVLAYTWY,HLA-A*02,1
AVGSYVYSV,CASILGLTTYNEQFF,YFAMYGEKVAHTHVDTLYVRYHYYTWAVLAYTWY,HLA-A*02,1
AVGSYVYSV,CASTEGQGGEQYF,YFAMYGEKVAHTHVDTLYVRYHYYTWAVLAYTWY,HLA-A*02,1
